s_true,E,B,s_hat,rel_bias,abs_bias,recovered,realistic
0.1,200000.0,0.8,0.049758880303791095,-50.241119696208905,-0.05024111969620891,False,False
0.2,200000.0,0.8,0.09750288039734611,-51.24855980132694,-0.1024971196026539,False,False
0.3,200000.0,0.8,0.1441026151494277,-51.965794950190755,-0.15589738485057228,False,False
0.4,200000.0,0.8,0.1970365567422668,-50.7408608144333,-0.20296344325773322,False,False
0.5,200000.0,0.8,0.22721915329941691,-54.556169340116625,-0.2727808467005831,False,False
0.6,200000.0,0.8,0.2937675835876829,-51.038736068719516,-0.3062324164123171,False,False
0.7,200000.0,0.8,0.33452784391863516,-52.21030801162354,-0.3654721560813648,False,False
0.8,200000.0,0.8,0.3987023918582163,-50.162201017722964,-0.4012976081417837,False,False
0.9,200000.0,0.8,0.45214300464797647,-49.76188837244706,-0.44785699535202356,False,False
1.0,200000.0,0.8,0.4700323184527878,-52.99676815472122,-0.5299676815472122,False,False
0.1,200000.0,1.219,0.05265658744834635,-47.34341255165365,-0.047343412551653655,False,False
0.2,200000.0,1.219,0.10370192107390613,-48.14903946304694,-0.09629807892609388,False,False
0.3,200000.0,1.219,0.14944023900691047,-50.1865869976965,-0.15055976099308951,False,False
0.4,200000.0,1.219,0.2097086588931017,-47.572835276724575,-0.19029134110689833,False,False
0.5,200000.0,1.219,0.24946784152215085,-50.10643169556983,-0.25053215847784915,False,False
0.6,200000.0,1.219,0.3165886347986555,-47.23522753355741,-0.28341136520134447,False,False
0.7,200000.0,1.219,0.36542142378400283,-47.79693945942816,-0.3345785762159971,False,False
0.8,200000.0,1.219,0.4287206358081867,-46.409920523976666,-0.37127936419181334,False,False
0.9,200000.0,1.219,0.48494669845542226,-46.11703350495308,-0.41505330154457776,False,False
1.0,200000.0,1.219,0.5118697462441616,-48.81302537558384,-0.4881302537558384,False,False
0.1,200000.0,1.857,0.04508207750639092,-54.91792249360908,-0.054917922493609085,False,False
0.2,200000.0,1.857,0.1056066900167869,-47.19665499160656,-0.09439330998321312,False,False
0.3,200000.0,1.857,0.16129347696068108,-46.23550767977297,-0.1387065230393189,False,False
0.4,200000.0,1.857,0.21458991520345383,-46.35252119913655,-0.1854100847965462,False,False
0.5,200000.0,1.857,0.2760777760990352,-44.784444780192956,-0.22392222390096478,False,False
0.6,200000.0,1.857,0.33005641616234704,-44.99059730627549,-0.26994358383765293,False,False
0.7,200000.0,1.857,0.4055905714085891,-42.05848979877298,-0.29440942859141084,False,False
0.8,200000.0,1.857,0.440037142064621,-44.99535724192237,-0.359962857935379,False,False
0.9,200000.0,1.857,0.4792938637655677,-46.74512624827026,-0.4207061362344323,False,False
1.0,200000.0,1.857,0.5647889148198955,-43.52110851801045,-0.43521108518010454,False,False
0.1,200000.0,2.828,0.06059203168155348,-39.40796831844652,-0.03940796831844653,False,False
0.2,200000.0,2.828,0.11588553838194626,-42.057230809026876,-0.08411446161805375,False,False
0.3,200000.0,2.828,0.18383693968438283,-38.721020105205724,-0.11616306031561716,False,False
0.4,200000.0,2.828,0.2304464166684113,-42.388395832897174,-0.1695535833315887,False,False
0.5,200000.0,2.828,0.3095060799566197,-38.098784008676056,-0.19049392004338028,False,False
0.6,200000.0,2.828,0.3700542125138716,-38.32429791435473,-0.22994578748612837,False,False
0.7,200000.0,2.828,0.44479003846432297,-36.45856593366814,-0.255209961535677,False,False
0.8,200000.0,2.828,0.4790195248439191,-40.12255939451012,-0.32098047515608097,False,False
0.9,200000.0,2.828,0.5428826443229782,-39.679706186335764,-0.35711735567702185,False,False
1.0,200000.0,2.828,0.5841196588860076,-41.58803411139924,-0.4158803411139924,False,False
0.1,200000.0,4.309,0.05372470459397733,-46.27529540602267,-0.046275295406022675,False,False
0.2,200000.0,4.309,0.1269402190725481,-36.529890463725955,-0.07305978092745191,False,False
0.3,200000.0,4.309,0.195436935635134,-34.85435478828866,-0.10456306436486598,False,False
0.4,200000.0,4.309,0.23983508010821183,-40.04122997294704,-0.1601649198917882,False,False
0.5,200000.0,4.309,0.3060694774545234,-38.786104509095324,-0.1939305225454766,False,False
0.6,200000.0,4.309,0.3750319798224824,-37.49467002958627,-0.2249680201775176,False,False
0.7,200000.0,4.309,0.43624077054947097,-37.67988992150414,-0.263759229450529,False,False
0.8,200000.0,4.309,0.47786712670958403,-40.266609161302,-0.322132873290416,False,False
0.9,200000.0,4.309,0.5838054405185684,-35.13272883127018,-0.3161945594814316,False,False
1.0,200000.0,4.309,0.5903195060669999,-40.96804939330001,-0.4096804939330001,False,False
0.1,200000.0,6.564,0.04977655920235056,-50.223440797649445,-0.05022344079764945,False,False
0.2,200000.0,6.564,0.13428091448011312,-32.859542759943444,-0.0657190855198869,False,False
0.3,200000.0,6.564,0.20697736520166926,-31.00754493277691,-0.09302263479833073,False,False
0.4,200000.0,6.564,0.2660641594210245,-33.483960144743875,-0.1339358405789755,False,False
0.5,200000.0,6.564,0.31557146830042515,-36.88570633991497,-0.18442853169957485,False,False
0.6,200000.0,6.564,0.413540716681849,-31.07654721969183,-0.18645928331815098,False,False
0.7,200000.0,6.564,0.4797888060777975,-31.458741988886068,-0.22021119392220245,False,False
0.8,200000.0,6.564,0.5440160461284397,-31.997994233945043,-0.25598395387156037,False,False
0.9,200000.0,6.564,0.6061651854319754,-32.648312729780514,-0.2938348145680246,False,False
1.0,200000.0,6.564,0.6649282975580986,-33.50717024419014,-0.33507170244190143,False,False
0.1,200000.0,10.0,0.05414223399873418,-45.85776600126582,-0.04585776600126583,False,False
0.2,200000.0,10.0,0.1376763776971104,-31.161811151444795,-0.0623236223028896,False,False
0.3,200000.0,10.0,0.19904754688136927,-33.65081770621024,-0.10095245311863071,False,False
0.4,200000.0,10.0,0.2690297177832848,-32.7425705541788,-0.1309702822167152,False,False
0.5,200000.0,10.0,0.35231391962159403,-29.537216075681194,-0.14768608037840597,False,False
0.6,200000.0,10.0,0.43431101604837646,-27.61483065860392,-0.16568898395162351,False,False
0.7,200000.0,10.0,0.4955508815639531,-29.207016919435265,-0.20444911843604685,False,False
0.8,200000.0,10.0,0.571742936542023,-28.53213293224713,-0.22825706345797703,False,False
0.9,200000.0,10.0,0.5627300856020363,-37.474434933107084,-0.3372699143979637,False,False
1.0,200000.0,10.0,0.7111245959889152,-28.88754040110848,-0.2888754040110848,False,False
0.1,333333.3333333334,0.8,0.06581294386593095,-34.18705613406905,-0.034187056134069055,False,False
0.2,333333.3333333334,0.8,0.13766661381241188,-31.166693093794063,-0.06233338618758813,False,False
0.3,333333.3333333334,0.8,0.19641079497291775,-34.52973500902742,-0.10358920502708224,False,False
0.4,333333.3333333334,0.8,0.2683833564155474,-32.904160896113154,-0.13161664358445263,False,False
0.5,333333.3333333334,0.8,0.338817906004749,-32.236418799050206,-0.16118209399525102,False,False
0.6,333333.3333333334,0.8,0.40355817938537736,-32.74030343577044,-0.19644182061462262,False,False
0.7,333333.3333333334,0.8,0.4575930392909637,-34.62956581557661,-0.24240696070903628,False,False
0.8,333333.3333333334,0.8,0.5287929070877941,-33.90088661402574,-0.2712070929122059,False,False
0.9,333333.3333333334,0.8,0.6082986630752383,-32.41125965830686,-0.29170133692476174,False,False
1.0,333333.3333333334,0.8,0.7085339389183156,-29.146606108168438,-0.2914660610816844,False,False
0.1,333333.3333333334,1.219,0.0720899826944135,-27.91001730558651,-0.02791001730558651,False,False
0.2,333333.3333333334,1.219,0.14516102315947546,-27.419488420262272,-0.05483897684052455,False,False
0.3,333333.3333333334,1.219,0.21199699158262528,-29.334336139124908,-0.08800300841737471,False,False
0.4,333333.3333333334,1.219,0.28849783970707904,-27.875540073230244,-0.11150216029292098,False,False
0.5,333333.3333333334,1.219,0.3693170583859279,-26.136588322814426,-0.13068294161407212,False,False
0.6,333333.3333333334,1.219,0.4490974613542369,-25.150423107627184,-0.15090253864576308,False,False
0.7,333333.3333333334,1.219,0.4999754309728516,-28.57493843244977,-0.20002456902714838,False,False
0.8,333333.3333333334,1.219,0.5847176082981818,-26.910298962727285,-0.2152823917018183,False,False
0.9,333333.3333333334,1.219,0.6383699308250018,-29.07000768611091,-0.2616300691749982,False,False
1.0,333333.3333333334,1.219,0.7036352684562519,-29.63647315437481,-0.2963647315437481,False,False
0.1,333333.3333333334,1.857,0.07632616772286907,-23.673832277130934,-0.023673832277130935,False,False
0.2,333333.3333333334,1.857,0.1524943585378684,-23.7528207310658,-0.0475056414621316,False,False
0.3,333333.3333333334,1.857,0.23464669684319078,-21.78443438560307,-0.0653533031568092,False,False
0.4,333333.3333333334,1.857,0.31337290854868544,-21.656772862828646,-0.08662709145131459,False,False
0.5,333333.3333333334,1.857,0.39395961281093494,-21.20807743781301,-0.10604038718906506,False,False
0.6,333333.3333333334,1.857,0.46674259066849333,-22.209568221917774,-0.13325740933150665,False,False
0.7,333333.3333333334,1.857,0.5400766659854948,-22.846190573500742,-0.1599233340145052,False,False
0.8,333333.3333333334,1.857,0.5829940191461346,-27.12574760673318,-0.21700598085386547,False,False
0.9,333333.3333333334,1.857,0.6684223120285525,-25.73085421904972,-0.2315776879714475,False,False
1.0,333333.3333333334,1.857,0.7950135243273064,-20.49864756726936,-0.20498647567269357,False,False
0.1,333333.3333333334,2.828,0.081496106286319,-18.50389371368101,-0.01850389371368101,False,False
0.2,333333.3333333334,2.828,0.16707346141105214,-16.463269294473935,-0.03292653858894787,False,False
0.3,333333.3333333334,2.828,0.2595787104634181,-13.47376317886062,-0.04042128953658186,False,False
0.4,333333.3333333334,2.828,0.33509127350310275,-16.22718162422432,-0.06490872649689727,False,False
0.5,333333.3333333334,2.828,0.4109058822547216,-17.818823549055686,-0.08909411774527842,False,False
0.6,333333.3333333334,2.828,0.5128126430200861,-14.531226163318978,-0.08718735697991387,False,False
0.7,333333.3333333334,2.828,0.6084853746957873,-13.073517900601802,-0.09151462530421262,False,False
0.8,333333.3333333334,2.828,0.6481301612516328,-18.983729843545905,-0.15186983874836724,False,False
0.9,333333.3333333334,2.828,0.7760326884580275,-13.77414572688583,-0.12396731154197249,False,False
1.0,333333.3333333334,2.828,0.8750064299332899,-12.499357006671008,-0.12499357006671008,False,False
0.1,333333.3333333334,4.309,0.10064034775099624,0.6403477509962369,0.0006403477509962369,True,False
0.2,333333.3333333334,4.309,0.1943116998118779,-2.844150094061054,-0.0056883001881221085,True,False
0.3,333333.3333333334,4.309,0.29438852828957074,-1.8704905701430834,-0.00561147171042925,True,False
0.4,333333.3333333334,4.309,0.3743193460644376,-6.420163483890601,-0.025680653935562403,True,False
0.5,333333.3333333334,4.309,0.45406101876381527,-9.187796247236946,-0.04593898123618473,True,False
0.6,333333.3333333334,4.309,0.5831655544195055,-2.8057409300824196,-0.016834445580494517,True,False
0.7,333333.3333333334,4.309,0.6487112764320103,-7.326960509712806,-0.051288723567989636,True,False
0.8,333333.3333333334,4.309,0.7397854238034788,-7.526822024565158,-0.06021457619652126,True,False
0.9,333333.3333333334,4.309,0.8186414045590164,-9.039843937887076,-0.08135859544098367,True,False
1.0,333333.3333333334,4.309,0.9042336977682074,-9.576630223179261,-0.09576630223179261,True,False
0.1,333333.3333333334,6.564,0.09822851131952676,-1.7714886804732488,-0.0017714886804732488,True,False
0.2,333333.3333333334,6.564,0.18616657280289478,-6.916713598552615,-0.01383342719710523,True,False
0.3,333333.3333333334,6.564,0.29493929452310425,-1.6869018256319146,-0.005060705476895744,True,False
0.4,333333.3333333334,6.564,0.38617677903958136,-3.455805240104665,-0.013823220960418658,True,False
0.5,333333.3333333334,6.564,0.47822352919068173,-4.355294161863654,-0.02177647080931827,True,False
0.6,333333.3333333334,6.564,0.5827827280157468,-2.86954533070886,-0.017217271984253157,True,False
0.7,333333.3333333334,6.564,0.6889114998523578,-1.5840714496631683,-0.011088500147642177,True,False
0.8,333333.3333333334,6.564,0.8272241986861418,3.4030248357677233,0.027224198686141787,True,False
0.9,333333.3333333334,6.564,0.8953680203401969,-0.5146644066447899,-0.004631979659803109,True,False
1.0,333333.3333333334,6.564,0.9207498545223726,-7.925014547762743,-0.07925014547762743,True,False
0.1,333333.3333333334,10.0,0.10522627646361721,5.226276463617202,0.005226276463617202,True,False
0.2,333333.3333333334,10.0,0.2117587290231064,5.8793645115532005,0.011758729023106401,True,False
0.3,333333.3333333334,10.0,0.33645848442235277,12.15282814078426,0.03645848442235278,False,False
0.4,333333.3333333334,10.0,0.43958650733919685,9.896626834799207,0.03958650733919683,True,False
0.5,333333.3333333334,10.0,0.5137317191605718,2.746343832114362,0.01373171916057181,True,False
0.6,333333.3333333334,10.0,0.6287333506601483,4.788891776691395,0.02873335066014837,True,False
0.7,333333.3333333334,10.0,0.7577967925335087,8.256684647644112,0.05779679253350878,True,False
0.8,333333.3333333334,10.0,0.78505006209837,-1.8687422377037521,-0.014949937901630017,True,False
0.9,333333.3333333334,10.0,0.9673981972963909,7.488688588487872,0.06739819729639085,True,False
1.0,333333.3333333334,10.0,0.999,-0.10000000000000009,-0.0010000000000000009,True,False
0.1,466666.6666666667,0.8,0.07810346968790426,-21.89653031209575,-0.02189653031209575,False,False
0.2,466666.6666666667,0.8,0.15579965757912073,-22.10017121043964,-0.04420034242087928,False,False
0.3,466666.6666666667,0.8,0.22669365045070428,-24.435449849765238,-0.07330634954929571,False,False
0.4,466666.6666666667,0.8,0.2932449757877457,-26.68875605306357,-0.1067550242122543,False,False
0.5,466666.6666666667,0.8,0.39071586774474626,-21.856826451050747,-0.10928413225525374,False,False
0.6,466666.6666666667,0.8,0.4408206670149448,-26.52988883084253,-0.15917933298505516,False,False
0.7,466666.6666666667,0.8,0.5344925357091725,-23.643923470118203,-0.1655074642908274,False,False
0.8,466666.6666666667,0.8,0.6185318427940381,-22.68351965074525,-0.181468157205962,False,False
0.9,466666.6666666667,0.8,0.6886163312419411,-23.48707430645099,-0.21138366875805892,False,False
1.0,466666.6666666667,0.8,0.7383950098160946,-26.16049901839054,-0.2616049901839054,False,False
0.1,466666.6666666667,1.219,0.07985572714033976,-20.14427285966025,-0.02014427285966025,False,False
0.2,466666.6666666667,1.219,0.16263779218464067,-18.68110390767967,-0.037362207815359344,False,False
0.3,466666.6666666667,1.219,0.2382468996246418,-20.584366791786067,-0.061753100375358194,False,False
0.4,466666.6666666667,1.219,0.3190447900775039,-20.238802480624027,-0.08095520992249611,False,False
0.5,466666.6666666667,1.219,0.39391839046175936,-21.21632190764813,-0.10608160953824064,False,False
0.6,466666.6666666667,1.219,0.47577848766158,-20.703585389736666,-0.12422151233841999,False,False
0.7,466666.6666666667,1.219,0.5565319330861819,-20.49543813054544,-0.14346806691381808,False,False
0.8,466666.6666666667,1.219,0.6624669916602627,-17.19162604246717,-0.13753300833973736,False,False
0.9,466666.6666666667,1.219,0.7308006784192919,-18.799924620078684,-0.16919932158070816,False,False
1.0,466666.6666666667,1.219,0.796024053898978,-20.3975946101022,-0.203975946101022,False,False
0.1,466666.6666666667,1.857,0.08951119394135669,-10.488806058643316,-0.010488806058643316,False,False
0.2,466666.6666666667,1.857,0.17477105605628654,-12.614471971856736,-0.025228943943713472,False,False
0.3,466666.6666666667,1.857,0.2550484266743872,-14.983857775204262,-0.04495157332561278,False,False
0.4,466666.6666666667,1.857,0.35076453381032735,-12.308866547418168,-0.04923546618967267,False,False
0.5,466666.6666666667,1.857,0.43073189835074177,-13.853620329851646,-0.06926810164925823,False,False
0.6,466666.6666666667,1.857,0.5330320228721332,-11.161329521311123,-0.06696797712786673,False,False
0.7,466666.6666666667,1.857,0.621117056538984,-11.268991923002284,-0.07888294346101599,False,False
0.8,466666.6666666667,1.857,0.7134409873208071,-10.819876584899122,-0.08655901267919297,False,False
0.9,466666.6666666667,1.857,0.7834132131128556,-12.954087431904934,-0.11658678688714441,False,False
1.0,466666.6666666667,1.857,0.8471451228345265,-15.285487716547353,-0.15285487716547352,False,False
0.1,466666.6666666667,2.828,0.0937088814601133,-6.291118539886703,-0.006291118539886703,True,False
0.2,466666.6666666667,2.828,0.19667147193076284,-1.6642640346185844,-0.003328528069237169,True,False
0.3,466666.6666666667,2.828,0.26250867537761186,-12.497108207462713,-0.037491324622388134,False,False
0.4,466666.6666666667,2.828,0.3709465654002266,-7.263358649943361,-0.029053434599773442,True,False
0.5,466666.6666666667,2.828,0.4705620944605648,-5.887581107887041,-0.029437905539435205,True,False
0.6,466666.6666666667,2.828,0.5631929192201709,-6.134513463304847,-0.03680708077982908,True,False
0.7,466666.6666666667,2.828,0.6367621732790388,-9.03397524585159,-0.06323782672096112,True,False
0.8,466666.6666666667,2.828,0.7206263912025913,-9.921701099676092,-0.07937360879740873,True,False
0.9,466666.6666666667,2.828,0.7993447279041266,-11.183919121763715,-0.10065527209587344,False,False
1.0,466666.6666666667,2.828,0.9202102571900304,-7.978974280996964,-0.07978974280996964,True,False
0.1,466666.6666666667,4.309,0.09912858802488297,-0.8714119751170313,-0.0008714119751170313,True,False
0.2,466666.6666666667,4.309,0.19087593060070537,-4.5620346996473184,-0.009124069399294638,True,False
0.3,466666.6666666667,4.309,0.31179695119101863,3.932317063672882,0.011796951191018645,True,False
0.4,466666.6666666667,4.309,0.3782207663724439,-5.444808406889032,-0.021779233627556127,True,False
0.5,466666.6666666667,4.309,0.46633793739114954,-6.732412521770092,-0.03366206260885046,True,False
0.6,466666.6666666667,4.309,0.5844226824092452,-2.5962195984591263,-0.015577317590754758,True,False
0.7,466666.6666666667,4.309,0.7358269280927309,5.118132584675846,0.035826928092730914,True,False
0.8,466666.6666666667,4.309,0.7872472107055873,-1.594098661801588,-0.012752789294412703,True,False
0.9,466666.6666666667,4.309,0.9386038879213564,4.289320880150709,0.038603887921356383,True,False
1.0,466666.6666666667,4.309,0.999,-0.10000000000000009,-0.0010000000000000009,True,False
0.1,466666.6666666667,6.564,0.10948821979929028,9.48821979929028,0.009488219799290279,True,False
0.2,466666.6666666667,6.564,0.21923489825790268,9.617449128951336,0.01923489825790267,True,False
0.3,466666.6666666667,6.564,0.30487843996767533,1.6261466558917803,0.004878439967675341,True,False
0.4,466666.6666666667,6.564,0.4427216075169795,10.680401879244863,0.042721607516979454,False,False
0.5,466666.6666666667,6.564,0.5351237638346621,7.024752766932418,0.03512376383466209,True,False
0.6,466666.6666666667,6.564,0.666338610825457,11.056435137576168,0.066338610825457,False,False
0.7,466666.6666666667,6.564,0.8037743389765758,14.824905568082263,0.10377433897657584,False,False
0.8,466666.6666666667,6.564,0.8099349266298274,1.2418658287284141,0.009934926629827312,True,False
0.9,466666.6666666667,6.564,0.9363473250588714,4.038591673207933,0.036347325058871394,True,False
1.0,466666.6666666667,6.564,0.999,-0.10000000000000009,-0.0010000000000000009,True,False
0.1,466666.6666666667,10.0,0.1131362821954665,13.136282195466489,0.01313628219546649,False,False
0.2,466666.6666666667,10.0,0.2198828421641967,9.941421082098348,0.019882842164196696,True,False
0.3,466666.6666666667,10.0,0.3529663647232693,17.65545490775644,0.05296636472326932,False,False
0.4,466666.6666666667,10.0,0.4534210559291953,13.355263982298817,0.05342105592919527,False,False
0.5,466666.6666666667,10.0,0.601339422089159,20.267884417831805,0.10133942208915903,False,False
0.6,466666.6666666667,10.0,0.6765480525046956,12.75800875078261,0.07654805250469565,False,False
0.7,466666.6666666667,10.0,0.8253501850668497,17.907169295264243,0.1253501850668497,False,False
0.8,466666.6666666667,10.0,0.9568354839420085,19.60443549275105,0.1568354839420084,False,False
0.9,466666.6666666667,10.0,0.999,10.999999999999996,0.09899999999999998,False,False
1.0,466666.6666666667,10.0,0.999,-0.10000000000000009,-0.0010000000000000009,True,False
0.1,600000.0,0.8,0.08034419508881728,-19.655804911182724,-0.019655804911182725,False,False
0.2,600000.0,0.8,0.15767282819298079,-21.163585903509613,-0.042327171807019226,False,False
0.3,600000.0,0.8,0.24640189173653648,-17.86603608782117,-0.053598108263463506,False,False
0.4,600000.0,0.8,0.3376844518057478,-15.578887048563056,-0.062315548194252224,False,False
0.5,600000.0,0.8,0.41489180893068395,-17.02163821386321,-0.08510819106931605,False,False
0.6,600000.0,0.8,0.4869205597379248,-18.84657337701253,-0.11307944026207517,False,False
0.7,600000.0,0.8,0.5772510287322267,-17.535567323967612,-0.12274897126777329,False,False
0.8,600000.0,0.8,0.6709675797266426,-16.129052534169684,-0.12903242027335748,False,False
0.9,600000.0,0.8,0.7506772573246043,-16.591415852821743,-0.1493227426753957,False,False
1.0,600000.0,0.8,0.8124521925169296,-18.75478074830704,-0.18754780748307043,False,False
0.1,600000.0,1.219,0.0894923903704295,-10.507609629570508,-0.010507609629570508,False,False
0.2,600000.0,1.219,0.17656636946005558,-11.716815269972217,-0.023433630539944433,False,False
0.3,600000.0,1.219,0.26526613795824777,-11.577954013917406,-0.03473386204175222,False,False
0.4,600000.0,1.219,0.33531632408400425,-16.170918978998944,-0.06468367591599578,False,False
0.5,600000.0,1.219,0.4303154800832645,-13.936903983347104,-0.06968451991673552,False,False
0.6,600000.0,1.219,0.4766088120945943,-20.565197984234278,-0.12339118790540565,False,False
0.7,600000.0,1.219,0.5810959419531657,-16.986294006690606,-0.11890405804683424,False,False
0.8,600000.0,1.219,0.6756792795546023,-15.540090055674721,-0.12432072044539777,False,False
0.9,600000.0,1.219,0.7931055057876795,-11.877166023591172,-0.10689449421232056,False,False
1.0,600000.0,1.219,0.8626820191370562,-13.731798086294377,-0.13731798086294378,False,False
0.1,600000.0,1.857,0.08943066434744751,-10.569335652552498,-0.010569335652552497,False,True
0.2,600000.0,1.857,0.18353374350671417,-8.23312824664292,-0.01646625649328584,True,True
0.3,600000.0,1.857,0.27591113025172026,-8.029623249426576,-0.02408886974827973,True,True
0.4,600000.0,1.857,0.35597060556994764,-11.007348607513096,-0.04402939443005238,False,True
0.5,600000.0,1.857,0.4551587902179492,-8.96824195641016,-0.044841209782050806,True,True
0.6,600000.0,1.857,0.5513332028365429,-8.111132860576188,-0.04866679716345712,True,True
0.7,600000.0,1.857,0.6239571455540445,-10.863264920850785,-0.07604285444595549,False,True
0.8,600000.0,1.857,0.7217055370484702,-9.786807868941233,-0.07829446295152986,True,True
0.9,600000.0,1.857,0.7911529576490305,-12.094115816774393,-0.10884704235096954,False,True
1.0,600000.0,1.857,0.8649297311543254,-13.507026884567463,-0.13507026884567463,False,True
0.1,600000.0,2.828,0.09616951825061915,-3.8304817493808594,-0.0038304817493808596,True,True
0.2,600000.0,2.828,0.19158274733423392,-4.208626332883048,-0.008417252665766095,True,True
0.3,600000.0,2.828,0.29510692349494844,-1.6310255016838509,-0.004893076505051552,True,True
0.4,600000.0,2.828,0.39446861096191743,-1.3828472595206476,-0.00553138903808259,True,True
0.5,600000.0,2.828,0.46408200060313387,-7.183599879373226,-0.03591799939686613,True,True
0.6,600000.0,2.828,0.5527889019109224,-7.868516348179588,-0.04721109808907753,True,True
0.7,600000.0,2.828,0.673558373145196,-3.777375264972,-0.026441626854804,True,True
0.8,600000.0,2.828,0.7840683097874013,-1.9914612765748463,-0.01593169021259877,True,True
0.9,600000.0,2.828,0.864780689046135,-3.9132567726516654,-0.03521931095386499,True,True
1.0,600000.0,2.828,0.9618689668381541,-3.813103316184585,-0.03813103316184585,True,True
0.1,600000.0,4.309,0.10430196695717035,4.301966957170348,0.004301966957170347,True,True
0.2,600000.0,4.309,0.2179398812344343,8.969940617217148,0.017939881234434296,True,True
0.3,600000.0,4.309,0.31163737884064724,3.87912628021575,0.01163737884064725,True,True
0.4,600000.0,4.309,0.40070057843570595,0.17514460892648076,0.000700578435705923,True,True
0.5,600000.0,4.309,0.5255908981597107,5.1181796319421435,0.025590898159710718,True,True
0.6,600000.0,4.309,0.5581500325394788,-6.974994576753528,-0.041849967460521165,True,True
0.7,600000.0,4.309,0.7473096143779289,6.758516339704131,0.04730961437792891,True,True
0.8,600000.0,4.309,0.7967808993626214,-0.4023875796723281,-0.0032191006373786246,True,True
0.9,600000.0,4.309,0.9580554884079526,6.450609823105845,0.058055488407952605,True,True
1.0,600000.0,4.309,0.999,-0.10000000000000009,-0.0010000000000000009,True,True
0.1,600000.0,6.564,0.11663014107043038,16.63014107043037,0.01663014107043037,False,True
0.2,600000.0,6.564,0.2346560534230243,17.328026711512152,0.0346560534230243,False,True
0.3,600000.0,6.564,0.3226701599086198,7.556719969539937,0.022670159908619814,True,True
0.4,600000.0,6.564,0.4485001124736469,12.125028118411722,0.048500112473646884,False,True
0.5,600000.0,6.564,0.5420829615873468,8.416592317469362,0.04208296158734681,True,True
0.6,600000.0,6.564,0.6918969277619548,15.316154626992468,0.0918969277619548,False,True
0.7,600000.0,6.564,0.7121370669247385,1.7338667035340847,0.012137066924738593,True,True
0.8,600000.0,6.564,0.8606894894997691,7.586186187471131,0.060689489499769045,True,True
0.9,600000.0,6.564,0.9863604533682312,9.595605929803463,0.08636045336823117,True,True
1.0,600000.0,6.564,0.999,-0.10000000000000009,-0.0010000000000000009,True,True
0.1,600000.0,10.0,0.12509769279933136,25.097692799331355,0.025097692799331356,False,False
0.2,600000.0,10.0,0.2507641258333863,25.382062916693148,0.0507641258333863,False,False
0.3,600000.0,10.0,0.34720457556415535,15.73485852138512,0.04720457556415536,False,False
0.4,600000.0,10.0,0.45364878340017994,13.41219585004498,0.05364878340017992,False,False
0.5,600000.0,10.0,0.5651379936613181,13.027598732263623,0.06513799366131812,False,False
0.6,600000.0,10.0,0.6771340415344631,12.855673589077188,0.07713404153446313,False,False
0.7,600000.0,10.0,0.8975385884863762,28.219798355196613,0.1975385884863763,False,False
0.8,600000.0,10.0,0.9458098894868927,18.226236185861584,0.14580988948689266,False,False
0.9,600000.0,10.0,0.999,10.999999999999996,0.09899999999999998,False,False
1.0,600000.0,10.0,0.999,-0.10000000000000009,-0.0010000000000000009,True,False
0.1,733333.3333333334,0.8,0.08662737042169327,-13.372629578306732,-0.013372629578306733,False,False
0.2,733333.3333333334,0.8,0.16907597577880953,-15.46201211059524,-0.030924024221190477,False,False
0.3,733333.3333333334,0.8,0.2521091632481557,-15.963612250614768,-0.0478908367518443,False,False
0.4,733333.3333333334,0.8,0.3341745462614854,-16.456363434628653,-0.06582545373851462,False,False
0.5,733333.3333333334,0.8,0.4192693507155509,-16.146129856889825,-0.08073064928444912,False,False
0.6,733333.3333333334,0.8,0.5206512947905094,-13.22478420158176,-0.07934870520949056,False,False
0.7,733333.3333333334,0.8,0.567410375149336,-18.94137497866628,-0.13258962485066395,False,False
0.8,733333.3333333334,0.8,0.6519625039146446,-18.50468701066943,-0.14803749608535544,False,False
0.9,733333.3333333334,0.8,0.7434724527002574,-17.391949699971402,-0.1565275472997426,False,False
1.0,733333.3333333334,0.8,0.8599268375792861,-14.007316242071388,-0.14007316242071388,False,False
0.1,733333.3333333334,1.219,0.08656981680918467,-13.430183190815335,-0.013430183190815334,False,False
0.2,733333.3333333334,1.219,0.17286964304117852,-13.565178479410744,-0.02713035695882149,False,False
0.3,733333.3333333334,1.219,0.25695234449357907,-14.34921850214031,-0.04304765550642092,False,False
0.4,733333.3333333334,1.219,0.3546576644907833,-11.335583877304185,-0.045342335509216736,False,False
0.5,733333.3333333334,1.219,0.4515576090597038,-9.688478188059236,-0.048442390940296176,True,False
0.6,733333.3333333334,1.219,0.5439625994303969,-9.339566761600508,-0.056037400569603046,True,False
0.7,733333.3333333334,1.219,0.6156220916128821,-12.053986912445415,-0.0843779083871179,False,False
0.8,733333.3333333334,1.219,0.6717852495725714,-16.026843803428587,-0.1282147504274287,False,False
0.9,733333.3333333334,1.219,0.8414755894866361,-6.502712279262653,-0.05852441051336388,True,False
1.0,733333.3333333334,1.219,0.8884244381502963,-11.157556184970375,-0.11157556184970374,False,False
0.1,733333.3333333334,1.857,0.09625367608970987,-3.7463239102901307,-0.003746323910290131,True,True
0.2,733333.3333333334,1.857,0.17881288157444458,-10.593559212777715,-0.02118711842555543,False,True
0.3,733333.3333333334,1.857,0.2661247330657325,-11.291755644755838,-0.03387526693426751,False,True
0.4,733333.3333333334,1.857,0.35985689575189256,-10.035776062026866,-0.040143104248107464,False,True
0.5,733333.3333333334,1.857,0.46546679671567487,-6.906640656865026,-0.03453320328432513,True,True
0.6,733333.3333333334,1.857,0.5608521203625957,-6.524646606234049,-0.03914787963740429,True,True
0.7,733333.3333333334,1.857,0.6608087065047642,-5.598756213605109,-0.03919129349523576,True,True
0.8,733333.3333333334,1.857,0.7166031117200439,-10.424611034994522,-0.08339688827995617,False,True
0.9,733333.3333333334,1.857,0.8413568237108178,-6.515908476575806,-0.05864317628918225,True,True
1.0,733333.3333333334,1.857,0.9488619531314222,-5.113804686857781,-0.05113804686857781,True,True
0.1,733333.3333333334,2.828,0.09900846783876387,-0.9915321612361389,-0.0009915321612361389,True,True
0.2,733333.3333333334,2.828,0.19987872219271965,-0.06063890364017832,-0.00012127780728035664,True,True
0.3,733333.3333333334,2.828,0.28971657145513235,-3.4278095149558783,-0.010283428544867634,True,True
0.4,733333.3333333334,2.828,0.38079857884892554,-4.800355287768621,-0.019201421151074483,True,True
0.5,733333.3333333334,2.828,0.5028050706983824,0.5610141396764856,0.002805070698382428,True,True
0.6,733333.3333333334,2.828,0.5834209181128059,-2.7631803145323395,-0.016579081887194036,True,True
0.7,733333.3333333334,2.828,0.7081117979181071,1.1588282740153033,0.008111797918107122,True,True
0.8,733333.3333333334,2.828,0.776094013321675,-2.9882483347906246,-0.023905986678324997,True,True
0.9,733333.3333333334,2.828,0.891491052299746,-0.9454386333615566,-0.00850894770025401,True,True
1.0,733333.3333333334,2.828,0.999,-0.10000000000000009,-0.0010000000000000009,True,True
0.1,733333.3333333334,4.309,0.11032136078161212,10.32136078161211,0.01032136078161211,False,True
0.2,733333.3333333334,4.309,0.2061051624480263,3.05258122401314,0.00610516244802628,True,True
0.3,733333.3333333334,4.309,0.3063617091444711,2.1205697148236986,0.006361709144471095,True,True
0.4,733333.3333333334,4.309,0.39631565365746063,-0.9210865856348477,-0.0036843463425393908,True,True
0.5,733333.3333333334,4.309,0.5065107647180357,1.3021529436071377,0.006510764718035689,True,True
0.6,733333.3333333334,4.309,0.6342209612217851,5.7034935369641815,0.034220961221785084,True,True
0.7,733333.3333333334,4.309,0.7282956543284205,4.042236332631503,0.028295654328420516,True,True
0.8,733333.3333333334,4.309,0.8726895520987291,9.086194012341133,0.07268955209872907,True,True
0.9,733333.3333333334,4.309,0.8864183836561,-1.5090684826555536,-0.013581616343899983,True,True
1.0,733333.3333333334,4.309,0.999,-0.10000000000000009,-0.0010000000000000009,True,True
0.1,733333.3333333334,6.564,0.10780723811001167,7.80723811001166,0.007807238110011661,True,True
0.2,733333.3333333334,6.564,0.23596242928231068,17.981214641155333,0.035962429282310665,False,True
0.3,733333.3333333334,6.564,0.34897894742644253,16.326315808814183,0.04897894742644254,False,True
0.4,733333.3333333334,6.564,0.4465189357156864,11.629733928921596,0.04651893571568638,False,True
0.5,733333.3333333334,6.564,0.561275554060696,12.255110812139192,0.06127555406069596,False,True
0.6,733333.3333333334,6.564,0.6680412745371253,11.340212422854211,0.06804127453712527,False,True
0.7,733333.3333333334,6.564,0.8221420458524216,17.448863693203087,0.12214204585242161,False,True
0.8,733333.3333333334,6.564,0.9368546906399344,17.106836329991797,0.13685469063993438,False,True
0.9,733333.3333333334,6.564,0.999,10.999999999999996,0.09899999999999998,False,True
1.0,733333.3333333334,6.564,0.999,-0.10000000000000009,-0.0010000000000000009,True,True
0.1,733333.3333333334,10.0,0.12012692888549228,20.12692888549228,0.02012692888549228,False,False
0.2,733333.3333333334,10.0,0.24298729301601846,21.493646508009224,0.042987293016018446,False,False
0.3,733333.3333333334,10.0,0.3945714228347115,31.523807611570515,0.09457142283471154,False,False
0.4,733333.3333333334,10.0,0.4705922438721857,17.648060968046416,0.07059224387218566,False,False
0.5,733333.3333333334,10.0,0.632983219326004,26.596643865200797,0.132983219326004,False,False
0.6,733333.3333333334,10.0,0.7549030474678624,25.817174577977077,0.15490304746786243,False,False
0.7,733333.3333333334,10.0,0.8459318170781701,20.847402439738595,0.14593181707817016,False,False
0.8,733333.3333333334,10.0,0.9634444189189914,20.430552364873915,0.1634444189189913,False,False
0.9,733333.3333333334,10.0,0.999,10.999999999999996,0.09899999999999998,False,False
1.0,733333.3333333334,10.0,0.999,-0.10000000000000009,-0.0010000000000000009,True,False
0.1,866666.6666666667,0.8,0.08735513741183322,-12.644862588166786,-0.012644862588166786,False,False
0.2,866666.6666666667,0.8,0.17063364578655882,-14.683177106720596,-0.029366354213441193,False,False
0.3,866666.6666666667,0.8,0.25388268895561744,-15.372437014794183,-0.04611731104438255,False,False
0.4,866666.6666666667,0.8,0.34672201293734606,-13.31949676566349,-0.053277987062653964,False,False
0.5,866666.6666666667,0.8,0.42197707570064424,-15.604584859871151,-0.07802292429935576,False,False
0.6,866666.6666666667,0.8,0.5089884801566599,-15.168586640556686,-0.0910115198433401,False,False
0.7,866666.6666666667,0.8,0.6158384663945115,-12.023076229355501,-0.0841615336054885,False,False
0.8,866666.6666666667,0.8,0.6809488374671108,-14.88139531661116,-0.11905116253288928,False,False
0.9,866666.6666666667,0.8,0.7860385111590621,-12.662387648993104,-0.11396148884093793,False,False
1.0,866666.6666666667,0.8,0.8690054092438771,-13.099459075612286,-0.13099459075612285,False,False
0.1,866666.6666666667,1.219,0.09189940012384719,-8.100599876152817,-0.008100599876152817,True,False
0.2,866666.6666666667,1.219,0.16884398654485305,-15.578006727573479,-0.031156013455146958,False,False
0.3,866666.6666666667,1.219,0.26178766503421824,-12.737444988593916,-0.03821233496578175,False,False
0.4,866666.6666666667,1.219,0.36059370652368716,-9.851573369078215,-0.03940629347631286,True,False
0.5,866666.6666666667,1.219,0.43741770010466685,-12.51645997906663,-0.06258229989533315,False,False
0.6,866666.6666666667,1.219,0.537924253534472,-10.345957744254656,-0.06207574646552794,False,False
0.7,866666.6666666667,1.219,0.6403004218991485,-8.528511157264496,-0.05969957810085147,True,False
0.8,866666.6666666667,1.219,0.735105088627826,-8.111863921521758,-0.06489491137217407,True,False
0.9,866666.6666666667,1.219,0.7989420955283145,-11.2286560524095,-0.1010579044716855,False,False
1.0,866666.6666666667,1.219,0.9160228475030754,-8.39771524969246,-0.08397715249692461,True,False
0.1,866666.6666666667,1.857,0.09946875155289832,-0.5312484471016871,-0.0005312484471016871,True,True
0.2,866666.6666666667,1.857,0.18474043569159918,-7.629782154200418,-0.015259564308400836,True,True
0.3,866666.6666666667,1.857,0.2901347359568742,-3.2884213477085886,-0.009865264043125765,True,True
0.4,866666.6666666667,1.857,0.3666746019508494,-8.331349512287659,-0.033325398049150634,True,True
0.5,866666.6666666667,1.857,0.4796772910343732,-4.064541793125365,-0.020322708965626823,True,True
0.6,866666.6666666667,1.857,0.5805162923109385,-3.247284614843582,-0.01948370768906149,True,True
0.7,866666.6666666667,1.857,0.6561150573750494,-6.269277517850082,-0.043884942624950574,True,True
0.8,866666.6666666667,1.857,0.7312313167238358,-8.596085409520532,-0.06876868327616426,True,True
0.9,866666.6666666667,1.857,0.814245601503132,-9.528266499652007,-0.08575439849686806,True,True
1.0,866666.6666666667,1.857,0.9585168668141758,-4.148313318582419,-0.041483133185824195,True,True
0.1,866666.6666666667,2.828,0.1006663587578676,0.6663587578675939,0.0006663587578675939,True,True
0.2,866666.6666666667,2.828,0.2085125163588363,4.256258179418146,0.008512516358836292,True,True
0.3,866666.6666666667,2.828,0.3032302130711812,1.0767376903937365,0.0032302130711812094,True,True
0.4,866666.6666666667,2.828,0.4172789173236787,4.3197293309196745,0.0172789173236787,True,True
0.5,866666.6666666667,2.828,0.499285923375418,-0.14281532491640103,-0.0007140766245820052,True,True
0.6,866666.6666666667,2.828,0.6234610959405376,3.9101826567562634,0.02346109594053758,True,True
0.7,866666.6666666667,2.828,0.7256154460767101,3.6593494395300263,0.02561544607671018,True,True
0.8,866666.6666666667,2.828,0.7793254415544948,-2.584319805688157,-0.020674558445505253,True,True
0.9,866666.6666666667,2.828,0.9197644342585168,2.196048250946313,0.019764434258516816,True,True
1.0,866666.6666666667,2.828,0.999,-0.10000000000000009,-0.0010000000000000009,True,True
0.1,866666.6666666667,4.309,0.10851353095858231,8.513530958582303,0.008513530958582302,True,True
0.2,866666.6666666667,4.309,0.2239571112992634,11.978555649631698,0.023957111299263395,False,True
0.3,866666.6666666667,4.309,0.3216572592794159,7.219086426471974,0.02165725927941592,True,True
0.4,866666.6666666667,4.309,0.4324923380320605,8.123084508015118,0.032492338032060475,True,True
0.5,866666.6666666667,4.309,0.5420151190401916,8.403023808038323,0.04201511904019162,True,True
0.6,866666.6666666667,4.309,0.6557337615552158,9.288960259202636,0.05573376155521581,True,True
0.7,866666.6666666667,4.309,0.7396305142555227,5.661502036503254,0.039630514255522775,True,True
0.8,866666.6666666667,4.309,0.8638183995703158,7.97729994628947,0.06381839957031576,True,True
0.9,866666.6666666667,4.309,0.9569798852843432,6.331098364927018,0.05697988528434317,True,True
1.0,866666.6666666667,4.309,0.999,-0.10000000000000009,-0.0010000000000000009,True,True
0.1,866666.6666666667,6.564,0.11349208541574525,13.492085415745244,0.013492085415745245,False,True
0.2,866666.6666666667,6.564,0.22427773962611422,12.138869813057104,0.02427773962611421,False,True
0.3,866666.6666666667,6.564,0.3290379096320642,9.67930321068807,0.029037909632064207,True,True
0.4,866666.6666666667,6.564,0.4359179546802814,8.97948867007034,0.03591795468028136,True,True
0.5,866666.6666666667,6.564,0.5647375920925061,12.947518418501215,0.06473759209250607,False,True
0.6,866666.6666666667,6.564,0.6624290844325006,10.40484740541677,0.062429084432500614,False,True
0.7,866666.6666666667,6.564,0.7798577071983471,11.408243885478168,0.07985770719834717,False,True
0.8,866666.6666666667,6.564,0.8742480377640329,9.28100472050411,0.07424803776403288,True,True
0.9,866666.6666666667,6.564,0.999,10.999999999999996,0.09899999999999998,False,True
1.0,866666.6666666667,6.564,0.999,-0.10000000000000009,-0.0010000000000000009,True,True
0.1,866666.6666666667,10.0,0.11867948030786254,18.67948030786254,0.01867948030786254,False,False
0.2,866666.6666666667,10.0,0.25637320668991076,28.186603344955373,0.05637320668991075,False,False
0.3,866666.6666666667,10.0,0.3625599967815844,20.85333226052814,0.06255999678158441,False,False
0.4,866666.6666666667,10.0,0.48875190302497945,22.187975756244857,0.08875190302497943,False,False
0.5,866666.6666666667,10.0,0.6001869970932736,20.037399418654722,0.10018699709327361,False,False
0.6,866666.6666666667,10.0,0.7550927293537578,25.848788225626308,0.15509272935375784,False,False
0.7,866666.6666666667,10.0,0.7926800584914638,13.240008355923413,0.09268005849146388,False,False
0.8,866666.6666666667,10.0,0.9907296031366679,23.841200392083483,0.19072960313666787,False,False
0.9,866666.6666666667,10.0,0.999,10.999999999999996,0.09899999999999998,False,False
1.0,866666.6666666667,10.0,0.999,-0.10000000000000009,-0.0010000000000000009,True,False
0.1,1000000.0,0.8,0.08653522414136379,-13.464775858636216,-0.013464775858636216,False,False
0.2,1000000.0,0.8,0.17286184635588173,-13.569076822059142,-0.027138153644118285,False,False
0.3,1000000.0,0.8,0.2670566356620375,-10.981121445987489,-0.032943364337962466,False,False
0.4,1000000.0,0.8,0.3489156257217556,-12.771093569561105,-0.051084374278244415,False,False
0.5,1000000.0,0.8,0.4627778891595071,-7.4444221680985745,-0.03722211084049287,True,False
0.6,1000000.0,0.8,0.5130982899012176,-14.483618349797055,-0.08690171009878234,False,False
0.7,1000000.0,0.8,0.6237042614489383,-10.899391221580235,-0.07629573855106164,False,False
0.8,1000000.0,0.8,0.7046525151507198,-11.91843560616003,-0.09534748484928024,False,False
0.9,1000000.0,0.8,0.8304621452143794,-7.726428309513397,-0.06953785478562058,True,False
1.0,1000000.0,0.8,0.87513493974547,-12.486506025453004,-0.12486506025453004,False,False
0.1,1000000.0,1.219,0.09217523000095296,-7.8247699990470485,-0.007824769999047049,True,False
0.2,1000000.0,1.219,0.18463925176012008,-7.680374119939964,-0.015360748239879929,True,False
0.3,1000000.0,1.219,0.26692135092837566,-11.026216357208112,-0.03307864907162433,False,False
0.4,1000000.0,1.219,0.37209072610190913,-6.977318474522723,-0.02790927389809089,True,False
0.5,1000000.0,1.219,0.4645942721292438,-7.081145574151238,-0.03540572787075619,True,False
0.6,1000000.0,1.219,0.5271044018140266,-12.149266364328891,-0.07289559818597335,False,False
0.7,1000000.0,1.219,0.6529747079815037,-6.717898859785181,-0.047025292018496256,True,False
0.8,1000000.0,1.219,0.7753705450985672,-3.0786818626791086,-0.024629454901432868,True,False
0.9,1000000.0,1.219,0.8492829476451915,-5.635228039423167,-0.0507170523548085,True,False
1.0,1000000.0,1.219,0.9050449068237079,-9.495509317629214,-0.09495509317629214,True,False
0.1,1000000.0,1.857,0.09633427561393916,-3.665724386060845,-0.003665724386060845,True,True
0.2,1000000.0,1.857,0.19490491562311416,-2.547542188442928,-0.005095084376885856,True,True
0.3,1000000.0,1.857,0.2920100081017566,-2.6633306327477997,-0.007989991898243398,True,True
0.4,1000000.0,1.857,0.3946757628299885,-1.3310592925028786,-0.005324237170011514,True,True
0.5,1000000.0,1.857,0.47733392641738687,-4.533214716522627,-0.022666073582613133,True,True
0.6,1000000.0,1.857,0.5810470109403875,-3.158831509935419,-0.018952989059612513,True,True
0.7,1000000.0,1.857,0.646203061163695,-7.685276976614998,-0.053796938836304986,True,True
0.8,1000000.0,1.857,0.7650855365728473,-4.364307928394096,-0.034914463427152764,True,True
0.9,1000000.0,1.857,0.8524162079766463,-5.2870880025948574,-0.04758379202335372,True,True
1.0,1000000.0,1.857,0.9762371042979187,-2.3762895702081344,-0.023762895702081344,True,True
0.1,1000000.0,2.828,0.10068810247227956,0.6881024722795587,0.0006881024722795587,True,True
0.2,1000000.0,2.828,0.19720378729901034,-1.3981063504948377,-0.0027962127009896753,True,True
0.3,1000000.0,2.828,0.30011019247222737,0.03673082407579242,0.00011019247222737727,True,True
0.4,1000000.0,2.828,0.40346492192288846,0.8662304807221105,0.003464921922888442,True,True
0.5,1000000.0,2.828,0.49272537316404863,-1.454925367190274,-0.00727462683595137,True,True
0.6,1000000.0,2.828,0.6114654112848203,1.910901880803395,0.01146541128482037,True,True
0.7,1000000.0,2.828,0.6957586831035865,-0.6059024137733563,-0.004241316896413494,True,True
0.8,1000000.0,2.828,0.8377876112705567,4.723451408819579,0.03778761127055663,True,True
0.9,1000000.0,2.828,0.8967708423239726,-0.3587952973363759,-0.0032291576760273832,True,True
1.0,1000000.0,2.828,0.999,-0.10000000000000009,-0.0010000000000000009,True,True
0.1,1000000.0,4.309,0.10894920068041618,8.949200680416173,0.008949200680416172,True,True
0.2,1000000.0,4.309,0.21859732162849405,9.298660814247018,0.018597321628494035,True,True
0.3,1000000.0,4.309,0.32798880100476163,9.32960033492055,0.027988801004761643,True,True
0.4,1000000.0,4.309,0.4233594295660024,5.839857391500599,0.0233594295660024,True,True
0.5,1000000.0,4.309,0.5293273265090003,5.865465301800055,0.029327326509000273,True,True
0.6,1000000.0,4.309,0.632560706517795,5.4267844196324955,0.03256070651779497,True,True
0.7,1000000.0,4.309,0.7407409936620939,5.820141951727706,0.04074099366209394,True,True
0.8,1000000.0,4.309,0.8808044883241442,10.100561040518013,0.08080448832414411,False,True
0.9,1000000.0,4.309,0.9762088638913328,8.467651543481416,0.07620886389133275,True,True
1.0,1000000.0,4.309,0.999,-0.10000000000000009,-0.0010000000000000009,True,True
0.1,1000000.0,6.564,0.11219593276581646,12.195932765816458,0.012195932765816458,False,True
0.2,1000000.0,6.564,0.22638100304798303,13.19050152399151,0.02638100304798302,False,True
0.3,1000000.0,6.564,0.33517069310614134,11.723564368713783,0.03517069310614135,False,True
0.4,1000000.0,6.564,0.48103219388214885,20.258048470537208,0.08103219388214883,False,True
0.5,1000000.0,6.564,0.5433993392419217,8.679867848384347,0.04339933924192174,True,True
0.6,1000000.0,6.564,0.700646654783921,16.774442463986833,0.10064665478392099,False,True
0.7,1000000.0,6.564,0.8201598986354703,17.1656998050672,0.12015989863547039,False,True
0.8,1000000.0,6.564,0.9547352295818718,19.341903697733976,0.1547352295818718,False,True
0.9,1000000.0,6.564,0.9705351703275794,7.837241147508821,0.07053517032757939,True,True
1.0,1000000.0,6.564,0.999,-0.10000000000000009,-0.0010000000000000009,True,True
0.1,1000000.0,10.0,0.11341760657458233,13.417606574582324,0.013417606574582325,False,False
0.2,1000000.0,10.0,0.2304537416938571,15.226870846928545,0.03045374169385709,False,False
0.3,1000000.0,10.0,0.36341024759180424,21.136749197268085,0.06341024759180425,False,False
0.4,1000000.0,10.0,0.50465043862815,26.162609657037482,0.10465043862814993,False,False
0.5,1000000.0,10.0,0.6053254334064344,21.065086681286882,0.10532543340643441,False,False
0.6,1000000.0,10.0,0.7439382735589665,23.98971225982775,0.1439382735589665,False,False
0.7,1000000.0,10.0,0.8623061013274004,23.18658590391435,0.16230610132740042,False,False
0.8,1000000.0,10.0,0.8799436184515724,9.992952306446549,0.07994361845157238,True,False
0.9,1000000.0,10.0,0.999,10.999999999999996,0.09899999999999998,False,False
1.0,1000000.0,10.0,0.999,-0.10000000000000009,-0.0010000000000000009,True,False
