s,h,vaf0,delta_t,fisher,cr_bound,identifiable
0.1,0.0,0.01,0.6,86.59103479360428,0.1074641319957883,1
0.1,0.0,0.01,1.5,99.67649074740463,0.10016214815574803,1
0.1,0.0,0.01,3.0,128.1148738123573,0.08834871218988662,1
0.1,0.0,0.01,5.0,183.2878591569468,0.07386405581145891,1
0.1,0.0,0.01,6.63,247.36068607431315,0.06358206981756422,1
0.1,0.0,0.03,0.6,253.01576630786545,0.0628675025063559,1
0.1,0.0,0.03,1.5,287.89220952058696,0.05893659530442417,1
0.1,0.0,0.03,3.0,359.6267812189894,0.052731968870292335,1
0.1,0.0,0.03,5.0,483.5031388731933,0.04547789462821033,1
0.1,0.0,0.03,6.63,604.8628346996913,0.040660390922212755,1
0.1,0.0,0.05,0.6,410.60990568374467,0.04934978772172609,1
0.1,0.0,0.05,1.5,462.10165684605056,0.04651909285309242,1
0.1,0.0,0.05,3.0,562.7124956419377,0.04215574029980191,1
0.1,0.0,0.05,5.0,720.0803844953098,0.037265719414967646,1
0.1,0.0,0.05,6.63,855.8528245955542,0.03418223501976299,1
0.1,0.0,0.1,0.6,767.3116804817817,0.036100573008714644,1
0.1,0.0,0.1,1.5,842.2218526935474,0.03445773662469672,1
0.1,0.0,0.1,3.0,972.7514550079181,0.03206262351254131,1
0.1,0.0,0.1,5.0,1140.8295764194866,0.029606673479379234,1
0.1,0.0,0.1,6.63,1258.1032149872096,0.028193037169947303,1
0.1,0.0,0.15,0.6,1073.169340897874,0.030525716853808633,1
0.1,0.0,0.15,1.5,1152.671442661776,0.029454200116435767,1
0.1,0.0,0.15,3.0,1278.1855202324264,0.027970681841857234,1
0.1,0.0,0.15,5.0,1418.036788419524,0.026555608110908086,1
0.1,0.0,0.15,6.63,1503.5128632509304,0.025789708062051386,1
0.1,0.2,0.01,0.6,36.905229157108835,0.1646099362881379,0
0.1,0.2,0.01,1.5,42.54464593393896,0.15331249209018025,0
0.1,0.2,0.01,3.0,54.88695656315643,0.13497875713800514,1
0.1,0.2,0.01,5.0,79.20875612964892,0.1123604327885347,1
0.1,0.2,0.01,6.63,108.15428512633017,0.09615638650545681,1
0.1,0.2,0.03,0.6,108.36407823703126,0.09606326191588668,1
0.1,0.2,0.03,1.5,123.81813816741074,0.08986857706594142,1
0.1,0.2,0.03,3.0,156.22959711792683,0.08000522364938831,1
0.1,0.2,0.03,5.0,214.43746172779942,0.06828882985666886,1
0.1,0.2,0.03,6.63,274.5504183121255,0.06035162179301567,1
0.1,0.2,0.05,0.6,176.73258409962185,0.0752214474741864,1
0.1,0.2,0.05,1.5,200.21669042755707,0.07067240339978172,1
0.1,0.2,0.05,3.0,247.50496454179978,0.0635635351168888,1
0.1,0.2,0.05,5.0,325.67349777992285,0.055412633513378794,1
0.1,0.2,0.05,6.63,397.62405132894344,0.050149161622515,1
0.1,0.2,0.1,0.6,334.47752826207415,0.05467849186505264,1
0.1,0.2,0.1,1.5,371.41698059886727,0.0518882617872169,1
0.1,0.2,0.1,3.0,439.0837384859236,0.047722844682581964,1
0.1,0.2,0.1,5.0,532.985353307012,0.04331540333417787,1
0.1,0.2,0.1,6.63,602.7475534813435,0.040731675188443006,1
0.1,0.2,0.15,0.6,474.0258850556413,0.04593026711272754,1
0.1,0.2,0.15,1.5,516.9174023422096,0.04398346332666779,1
0.1,0.2,0.15,3.0,588.9810900962648,0.041204943621237444,1
0.1,0.2,0.15,5.0,675.658406284907,0.03847125976414562,1
0.1,0.2,0.15,6.63,730.8802258959987,0.03698936654453625,1
0.1,0.4,0.01,0.6,19.167443708180716,0.22841146628651415,0
0.1,0.4,0.01,1.5,22.115688196860017,0.21264235374542872,0
0.1,0.4,0.01,3.0,28.595319828011263,0.18700469957450913,0
0.1,0.4,0.01,5.0,41.48574580490469,0.15525677080832806,0
0.1,0.4,0.01,6.63,57.06229102167684,0.13238092087190642,1
0.1,0.4,0.03,0.6,56.46773783869748,0.13307602045548128,1
0.1,0.4,0.03,1.5,64.6837923722729,0.12433753774727499,1
0.1,0.4,0.03,3.0,82.12219829112175,0.11034933412321367,1
0.1,0.4,0.03,5.0,114.2336766308016,0.09356273803108707,1
0.1,0.4,0.03,6.63,148.60745409684586,0.08203132056034104,1
0.1,0.4,0.05,0.6,92.4041242036466,0.10402897572090351,1
0.1,0.4,0.05,1.5,105.10760853296146,0.09754003847295928,1
0.1,0.4,0.05,3.0,131.17574606369828,0.0873118576804668,1
0.1,0.4,0.05,5.0,175.88984875948216,0.07540143518295607,1
0.1,0.4,0.05,6.63,219.05979151967836,0.06756451521587885,1
0.1,0.4,0.1,0.6,176.39741188249087,0.07529287758770961,1
0.1,0.4,0.1,1.5,197.3246138884151,0.07118842247802268,1
0.1,0.4,0.1,3.0,236.9604052713336,0.06496240698944994,1
0.1,0.4,0.1,5.0,295.12843141074944,0.05820958127033742,1
0.1,0.4,0.1,6.63,340.8715985049247,0.054163234487287854,1
0.1,0.4,0.15,0.6,252.25638737843659,0.06296205785647636,1
0.1,0.4,0.15,1.5,277.840120164941,0.0599932681552992,1
0.1,0.4,0.15,3.0,322.77897233825996,0.055660535812177274,1
0.1,0.4,0.15,5.0,380.4558169437761,0.05126817826126961,1
0.1,0.4,0.15,6.63,419.14213819510024,0.048844912699147376,1
0.1,0.6,0.01,0.6,11.240608483312993,0.2982669198269019,0
0.1,0.6,0.01,1.5,12.977180441754467,0.2775938423874149,0
0.1,0.6,0.01,3.0,16.804590469151265,0.2439416929296355,0
0.1,0.6,0.01,5.0,24.467851538583645,0.20216318990953808,0
0.1,0.6,0.01,6.63,33.82555366451013,0.17194024570663594,0
0.1,0.6,0.03,0.6,33.19503695369146,0.17356550720716307,0
0.1,0.6,0.03,1.5,38.08980531405654,0.16203007146738274,0
0.1,0.6,0.03,3.0,48.563789034772256,0.14349729619551393,1
0.1,0.6,0.03,5.0,68.19107308633076,0.1210977956201925,1
0.1,0.6,0.03,6.63,89.75597531451061,0.10555244915271723,1
0.1,0.6,0.05,0.6,54.45357768627726,0.13551481937514,1
0.1,0.6,0.05,1.5,62.110868684868635,0.12688672795775216,1
0.1,0.6,0.05,3.0,78.03056681880962,0.11320552396705587,1
0.1,0.6,0.05,5.0,106.07250319993622,0.0970953856565247,1
0.1,0.6,0.05,6.63,134.15229233784913,0.08633779460726852,1
0.1,0.6,0.1,0.6,104.60559304375589,0.09777381183066527,1
0.1,0.6,0.1,1.5,117.61635847751867,0.09220747626396723,1
0.1,0.6,0.1,3.0,142.85383369750036,0.08366697169480083,1
0.1,0.6,0.1,5.0,181.51844120533485,0.07422319129550979,1
0.1,0.6,0.1,6.63,213.45868847218117,0.06844521336191013,1
0.1,0.6,0.15,0.6,150.57289094497452,0.08149418213918978,1
0.1,0.6,0.15,1.5,167.02719149562873,0.07737602419896188,1
0.1,0.6,0.15,3.0,196.8988359722071,0.07126535053537068,1
0.1,0.6,0.15,5.0,237.34174963356605,0.06491019745065343,1
0.1,0.6,0.15,6.63,265.9130331936131,0.06132395948400666,1
0.1,0.8,0.01,0.6,7.160299749514771,0.3737097238804361,0
0.1,0.8,0.01,1.5,8.269987945258002,0.3477343246474279,0
0.1,0.8,0.01,3.0,10.720731545041767,0.30541319019610635,0
0.1,0.8,0.01,5.0,15.650576659129385,0.2527754125889577,0
0.1,0.8,0.01,6.63,21.71687398000263,0.2145859802575506,0
0.1,0.8,0.03,0.6,21.18424630423147,0.2172668617621638,0
0.1,0.8,0.03,1.5,24.33801226995839,0.20270172619910132,0
0.1,0.8,0.03,3.0,31.126670919546,0.17923947488334335,0
0.1,0.8,0.03,5.0,44.013762851202046,0.15073210022899397,0
0.1,0.8,0.03,6.63,58.45629837775854,0.13079295275965894,1
0.1,0.8,0.05,0.6,34.81575993396001,0.16947750446918652,0
0.1,0.8,0.05,1.5,39.791479047205215,0.15852762707543605,0
0.1,0.8,0.05,3.0,50.23584921626967,0.14108899043907322,1
0.1,0.8,0.05,5.0,69.00554040025742,0.1203810201462977,1
0.1,0.8,0.05,6.63,88.34736524682671,0.10639058548463134,1
0.1,0.8,0.1,0.6,67.20172039014138,0.1219859476447679,1
0.1,0.8,0.1,1.5,75.84663705096575,0.11482377881765793,1
0.1,0.8,0.1,3.0,92.91869262126016,0.10374052815484,1
0.1,0.8,0.1,5.0,119.97407404323832,0.09129695578747475,1
0.1,0.8,0.1,6.63,143.2803252735334,0.0835423563575167,1
0.1,0.8,0.15,0.6,97.21409672275408,0.10142274893851412,1
0.1,0.8,0.15,1.5,108.41416202725492,0.09604107031309234,1
0.1,0.8,0.15,3.0,129.26763452833552,0.0879538995325782,1
0.1,0.8,0.15,5.0,158.76605444138676,0.07936356608252049,1
0.1,0.8,0.15,6.63,180.63019177665947,0.07440546385510442,1
0.1,1.0,0.01,0.6,4.843841813291159,0.4543651611717781,0
0.1,1.0,0.01,1.5,5.596315431642073,0.42271621513854857,0
0.1,1.0,0.01,3.0,7.2607205481914265,0.37111639349252773,0
0.1,1.0,0.01,5.0,10.620699772416625,0.30684809672424546,0
0.1,1.0,0.01,6.63,14.779626195358379,0.260116723550401,0
0.1,1.0,0.03,0.6,14.351645655845761,0.26396670327719374,0
0.1,1.0,0.03,1.5,16.50370463200599,0.24615534972211195,0
0.1,1.0,0.03,3.0,21.157117286922016,0.2174061139129112,0
0.1,1.0,0.03,5.0,30.07946692384703,0.18233285502608418,0
0.1,1.0,0.03,6.63,40.2355131170331,0.15765045477860973,0
0.1,1.0,0.05,0.6,23.621251390334567,0.2057541242351006,0
0.1,1.0,0.05,1.5,27.038527000324983,0.19231293048709466,0
0.1,1.0,0.05,3.0,34.26459751576538,0.1708351300419416,0
0.1,1.0,0.05,5.0,47.455534076717555,0.14516321136469373,1
0.1,1.0,0.05,6.63,61.36567740293666,0.1276548247306051,1
0.1,1.0,0.1,0.6,45.76583561213345,0.14781867389950812,1
0.1,1.0,0.1,1.5,51.80402142174281,0.13893711060312103,1
0.1,1.0,0.1,3.0,63.89563635957215,0.1251020424336389,1
0.1,1.0,0.1,5.0,83.58722494861061,0.1093780172502186,1
0.1,1.0,0.1,6.63,101.16416200985584,0.09942295246162684,1
0.1,1.0,0.15,0.6,66.46350691886626,0.12266152888501165,1
0.1,1.0,0.15,1.5,74.42927425015256,0.11591192218677279,1
0.1,1.0,0.15,3.0,89.55934656999955,0.10566825653108765,1
0.1,1.0,0.15,5.0,111.7513256320305,0.09459619289706751,1
0.1,1.0,0.15,6.63,128.92094207244202,0.08807208235126239,1
0.28,0.0,0.01,0.6,102.61858598027783,0.0987158721792902,1
0.28,0.0,0.01,1.5,158.45713815694944,0.07944088907625928,1
0.28,0.0,0.01,3.0,339.6020019813113,0.05426438422144176,1
0.28,0.0,0.01,5.0,723.317369005486,0.037182240278756204,1
0.28,0.0,0.01,6.63,967.9516709949007,0.03214201970849172,1
0.28,0.0,0.03,0.6,295.5714619793539,0.058165939887346176,1
0.28,0.0,0.03,1.5,430.1573587216651,0.04821546078765388,1
0.28,0.0,0.03,3.0,745.8092924892808,0.036617282018798054,1
0.28,0.0,0.03,5.0,1105.5680998068092,0.030075111802995037,1
0.28,0.0,0.03,6.63,1266.3365135105792,0.028101236840870923,1
0.28,0.0,0.05,0.6,473.2132007472801,0.04596968992999233,1
0.28,0.0,0.05,1.5,654.778380160632,0.03907984516795018,1
0.28,0.0,0.05,3.0,994.2923860239514,0.03171341006320225,1
0.28,0.0,0.05,5.0,1287.75226817875,0.02786659066496273,1
0.28,0.0,0.05,6.63,1407.4726108763384,0.026655082057586727,1
0.28,0.0,0.1,0.6,857.6403478169001,0.0341465945501246,1
0.28,0.0,0.1,1.5,1075.8547351806126,0.030487596092961484,1
0.28,0.0,0.1,3.0,1358.634411726513,0.02712993135267208,1
0.28,0.0,0.1,5.0,1535.966648224851,0.02551579517276843,1
0.28,0.0,0.1,6.63,1601.9758789642303,0.02498457772812722,1
0.28,0.0,0.15,0.6,1168.3403284191288,0.02925602484205286,1
0.28,0.0,0.15,1.5,1366.6282807571251,0.027050468929344176,1
0.28,0.0,0.15,3.0,1570.6670135773065,0.02523236384795252,1
0.28,0.0,0.15,5.0,1680.0088392239743,0.024397437640935934,1
0.28,0.0,0.15,6.63,1717.8230598949494,0.024127414528940253,1
0.28,0.2,0.01,0.6,43.81590866504357,0.15107203824152388,0
0.28,0.2,0.01,1.5,68.19775871218486,0.12109185968907282,1
0.28,0.2,0.01,3.0,151.30241186554954,0.08129747824484565,1
0.28,0.2,0.01,5.0,350.77524409564415,0.05339314862887595,1
0.28,0.2,0.01,6.63,483.63612509673555,0.04547164163245884,1
0.28,0.2,0.03,0.6,127.24650823416354,0.0886496577262347,1
0.28,0.2,0.03,1.5,189.00158388516073,0.07273899195705409,1
0.28,0.2,0.03,3.0,348.4487463466009,0.053571097877520464,1
0.28,0.2,0.03,5.0,549.1751464965797,0.042672153709668155,1
0.28,0.2,0.03,6.63,633.6957797088776,0.03972460546464697,1
0.28,0.2,0.05,0.6,205.34544543653917,0.06978425761024379,1
0.28,0.2,0.05,1.5,292.57564506267323,0.058462975390474174,1
0.28,0.2,0.05,3.0,475.07167288400814,0.04587968550533059,1
0.28,0.2,0.05,5.0,641.7367580541288,0.03947494576654868,1
0.28,0.2,0.05,6.63,703.0248417110987,0.037715047963159665,1
0.28,0.2,0.1,0.6,379.1843959316634,0.051354058495943926,1
0.28,0.2,0.1,1.5,495.7650067104498,0.04491196589072837,1
0.28,0.2,0.1,3.0,663.9324321948255,0.03880950093856327,1
0.28,0.2,0.1,5.0,765.091320788659,0.03615291851584876,1
0.28,0.2,0.1,6.63,797.7613214840585,0.03540491139785431,1
0.28,0.2,0.15,0.6,525.6146403490484,0.04361805273956678,1
0.28,0.2,0.15,1.5,643.080625109122,0.03943367813956316,1
0.28,0.2,0.15,3.0,773.6755476544438,0.03595179382395766,1
0.28,0.2,0.15,5.0,835.2448577747828,0.03460135408243225,1
0.28,0.2,0.15,6.63,852.8357814703163,0.03424264420480504,1
0.28,0.4,0.01,0.6,22.781335142939163,0.20951272883414065,0
0.28,0.4,0.01,1.5,35.6289078061718,0.1675323750205865,0
0.28,0.4,0.01,3.0,80.81286122961728,0.11123968701216112,1
0.28,0.4,0.01,5.0,200.03955133442756,0.07070368740128875,1
0.28,0.4,0.01,6.63,283.66525265024734,0.05937408498318759,1
0.28,0.4,0.03,0.6,66.5147686270663,0.12261425328307772,1
0.28,0.4,0.03,1.5,100.06819281666063,0.0999659210202417,1
0.28,0.4,0.03,3.0,192.72717409470283,0.07203250586165331,1
0.28,0.4,0.03,5.0,320.632274727361,0.055846554218773374,1
0.28,0.4,0.03,6.63,371.7292704570432,0.051866461536447785,1
0.28,0.4,0.05,0.6,107.9024613859433,0.09626852643758196,1
0.28,0.4,0.05,1.5,156.69373109884214,0.07988664621491877,1
0.28,0.4,0.05,3.0,267.7845627544532,0.0611092890881605,1
0.28,0.4,0.05,5.0,375.8947271548202,0.051578283287333306,1
0.28,0.4,0.05,6.63,411.4284550750533,0.04930067183036991,1
0.28,0.4,0.1,0.6,201.7859887033503,0.07039705585352347,1
0.28,0.4,0.1,1.5,271.6053120879778,0.060677945865452054,1
0.28,0.4,0.1,3.0,382.3755672230358,0.05113931811266927,1
0.28,0.4,0.1,5.0,448.0094114950542,0.0472450628713093,1
0.28,0.4,0.1,6.63,465.2166924481875,0.04636308811267574,1
0.28,0.4,0.15,0.6,283.1288054902149,0.05943030672006524,1
0.28,0.4,0.15,1.5,358.29998905019863,0.052829512430517346,1
0.28,0.4,0.15,3.0,449.42740171469416,0.0471704724448585,1
0.28,0.4,0.15,5.0,488.28155189019947,0.04525482000606689,1
0.28,0.4,0.15,6.63,496.224757379866,0.04489115567223322,1
0.28,0.6,0.01,0.6,13.369667330252092,0.2734888968422292,0
0.28,0.6,0.01,1.5,20.977479369248872,0.21833499406363774,0
0.28,0.6,0.01,3.0,48.32346981592743,0.14385366950323916,1
0.28,0.6,0.01,5.0,126.0845004978319,0.0890572230247725,1
0.28,0.6,0.01,6.63,183.9754562443834,0.07372589538914885,1
0.28,0.6,0.03,0.6,39.183979399421574,0.15975178896870326,0
0.28,0.6,0.03,1.5,59.475066264922646,0.1296679165109459,1
0.28,0.6,0.03,3.0,118.38156354547698,0.09190898376581251,1
0.28,0.6,0.03,5.0,206.9553383052238,0.0695123039725942,1
0.28,0.6,0.03,6.63,241.09470476907512,0.06440300979135627,1
0.28,0.6,0.05,0.6,63.80400532516901,0.1251918417868927,1
0.28,0.6,0.05,1.5,93.91223809349489,0.10319030703471961,1
0.28,0.6,0.05,3.0,167.15583984236702,0.0773462429672035,1
0.28,0.6,0.05,5.0,243.5581322354704,0.06407648538318088,1
0.28,0.6,0.05,6.63,266.26904779650835,0.06128294922045457,1
0.28,0.6,0.1,0.6,120.41681531591883,0.09112896366336572,1
0.28,0.6,0.1,1.5,165.6311539058929,0.07770142547818547,1
0.28,0.6,0.1,3.0,243.5719292587283,0.06407467056551792,1
0.28,0.6,0.1,5.0,290.40414159418253,0.05868114740701283,1
0.28,0.6,0.1,6.63,299.92628353658216,0.057742121596475356,1
0.28,0.6,0.15,0.6,170.47597826014578,0.07658935363265983,1
0.28,0.6,0.15,1.5,221.50417871133874,0.0671906802779709,1
0.28,0.6,0.15,3.0,288.8755963385773,0.05883619416234159,1
0.28,0.6,0.15,5.0,316.09231264423283,0.05624618008670125,1
0.28,0.6,0.15,6.63,319.28169879229847,0.05596454628961024,1
0.28,0.8,0.01,0.6,8.520979893565999,0.3425746555564011,0
0.28,0.8,0.01,1.5,13.401191959884569,0.2731670332158341,0
0.28,0.8,0.01,3.0,31.22793487586177,0.17894862573413808,0
0.28,0.8,0.01,5.0,85.08478142307926,0.10841117618560826,1
0.28,0.8,0.01,6.63,127.8175379161538,0.08845141321379983,1
0.28,0.8,0.03,0.6,25.044575985165032,0.19982193414781294,0
0.28,0.8,0.03,1.5,38.26259504822836,0.16166380236674438,0
0.28,0.8,0.03,3.0,78.14790383605157,0.11312050448665284,1
0.28,0.8,0.03,5.0,143.01186236482152,0.083620732752219,1
0.28,0.8,0.03,6.63,167.58422540740912,0.07724732191526677,1
0.28,0.8,0.05,0.6,40.89571672666935,0.1563727551227887,0
0.28,0.8,0.05,1.5,60.80378753137849,0.12824329961954997,1
0.28,0.8,0.05,3.0,111.87449473300006,0.09454410534693447,1
0.28,0.8,0.05,5.0,169.06862487030557,0.07690746381934646,1
0.28,0.8,0.05,6.63,184.76459152357484,0.0735682841298484,1
0.28,0.8,0.1,0.6,77.72064957195914,0.11343100740465517,1
0.28,0.8,0.1,1.5,108.71386738013004,0.09590859462668769,1
0.28,0.8,0.1,3.0,166.11014881064824,0.07758931475894623,1
0.28,0.8,0.1,5.0,201.8487019613255,0.07038611901902705,1
0.28,0.8,0.1,6.63,207.34031924533122,0.06944774020150818,1
0.28,0.8,0.15,0.6,110.78611305113016,0.0950073790210407,1
0.28,0.8,0.15,1.5,147.02372394896372,0.08247195518518101,1
0.28,0.8,0.15,3.0,198.80893093966475,0.07092217650064814,1
0.28,0.8,0.15,5.0,219.50590656807947,0.06749582258330038,1
0.28,0.8,0.15,6.63,220.29136386091275,0.06737538566189792,1
0.28,1.0,0.01,0.6,5.766609242194697,0.4164278226324966,0
0.28,1.0,0.01,1.5,9.085536593497295,0.33176052456406346,0
0.28,1.0,0.01,3.0,21.36064465827652,0.2163678961687838,0
0.28,1.0,0.01,5.0,60.34593420383111,0.12872888054454315,1
0.28,1.0,0.01,6.63,93.33816120814194,0.10350715686671187,1
0.28,1.0,0.03,0.6,16.986660613338938,0.24263083626265963,0
0.28,1.0,0.03,1.5,26.082442797353742,0.19580594257677256,0
0.28,1.0,0.03,3.0,54.38725151221177,0.13559742550625417,1
0.28,1.0,0.03,5.0,103.81682888641126,0.09814453471499629,1
0.28,1.0,0.03,6.63,122.5333038916323,0.09033851102717108,1
0.28,1.0,0.05,0.6,27.799025481339655,0.18966413478470548,0
0.28,1.0,0.05,1.5,41.656912833399446,0.15493746972068245,0
0.28,1.0,0.05,3.0,78.78542828398326,0.11266189447951672,1
0.28,1.0,0.05,5.0,123.36536427446677,0.09003334324233815,1
0.28,1.0,0.05,6.63,134.92272893329786,0.08609093840027454,1
0.28,1.0,0.1,0.6,53.12010687481218,0.13720518696215803,1
0.28,1.0,0.1,1.5,75.306031082331,0.11523518951483107,1
0.28,1.0,0.1,3.0,119.01345197481388,0.0916646688794097,1
0.28,1.0,0.1,5.0,147.60063522759555,0.08231062260046504,1
0.28,1.0,0.1,6.63,150.89379123370227,0.08140748067509831,1
0.28,1.0,0.15,0.6,76.12986350461357,0.11460998994616056,1
0.28,1.0,0.15,1.5,102.79465130405099,0.09863129632634199,1
0.28,1.0,0.15,3.0,143.72360953037887,0.08341342273740664,1
0.28,1.0,0.15,5.0,160.43818147219864,0.0789489093271745,1
0.28,1.0,0.15,6.63,160.00880498685837,0.07905476629607786,1
0.46,0.0,0.01,0.6,122.92061143212764,0.09019607604029539,1
0.46,0.0,0.01,1.5,259.87672372299903,0.0620320749675229,1
0.46,0.0,0.01,3.0,710.0775877288794,0.03752728084573668,1
0.46,0.0,0.01,5.0,1119.0683251280893,0.02989315116733917,1
0.46,0.0,0.01,6.63,1270.6566588249843,0.028053425030047884,1
0.46,0.0,0.03,0.6,346.93775964074797,0.05368762782059237,1
0.46,0.0,0.03,1.5,626.1125059131605,0.039964447266895686,1
0.46,0.0,0.03,3.0,1096.2199511244544,0.0302030741615549,1
0.46,0.0,0.03,5.0,1362.1607999064236,0.027094791350094113,1
0.46,0.0,0.03,6.63,1466.8918986325277,0.02610964367723458,1
0.46,0.0,0.05,0.6,545.4336649075574,0.04281826149972177,1
0.46,0.0,0.05,1.5,877.9474017656445,0.033749376278078516,1
0.46,0.0,0.05,3.0,1280.721410668709,0.027942976468037985,1
0.46,0.0,0.05,5.0,1479.0244656817224,0.02600233330964763,1
0.46,0.0,0.05,6.63,1550.135216963483,0.02539891756467958,1
0.46,0.0,0.1,0.6,951.7375333671753,0.032414654849767716,1
0.46,0.0,0.1,1.5,1275.2651998685183,0.028002689553713114,1
0.46,0.0,0.1,3.0,1532.0128273295602,0.025548699556860528,1
0.46,0.0,0.1,5.0,1638.2778359279273,0.024706215322401016,1
0.46,0.0,0.1,6.63,1667.2732641655928,0.02449044108118397,1
0.46,0.0,0.15,0.6,1259.0435182673789,0.028182507368366864,1
0.46,0.0,0.15,1.5,1515.3306812859998,0.025688946347787286,1
0.46,0.0,0.15,3.0,1677.6711747028126,0.024414429400595662,1
0.46,0.0,0.15,5.0,1736.763137006842,0.02399549446606611,1
0.46,0.0,0.15,6.63,1750.0336494424132,0.023904342368423488,1
0.46,0.2,0.01,0.6,52.623380637156856,0.13785122433648275,1
0.46,0.2,0.01,1.5,113.90335898014855,0.09369830492846083,1
0.46,0.2,0.01,3.0,343.46611275123826,0.05395827442251561,1
0.46,0.2,0.01,5.0,561.4776706119928,0.04220207016924266,1
0.46,0.2,0.01,6.63,632.6213603934428,0.039758324510167656,1
0.46,0.2,0.03,0.6,150.43160950911894,0.08153244176112422,1
0.46,0.2,0.03,1.5,285.4099755483038,0.059192328676883135,1
0.46,0.2,0.03,3.0,544.0451825290636,0.042872865895655754,1
0.46,0.2,0.03,5.0,680.1082004992509,0.03834519885073005,1
0.46,0.2,0.03,6.63,732.33660533845,0.03695256832767082,1
0.46,0.2,0.05,0.6,239.24362640961272,0.06465167954562942,1
0.46,0.2,0.05,1.5,409.7286585715607,0.04940283014116807,1
0.46,0.2,0.05,3.0,637.9554005027035,0.03959176298185475,1
0.46,0.2,0.05,5.0,737.8049501047301,0.036815374077378366,1
0.46,0.2,0.05,6.63,774.838838504901,0.03592479588589663,1
0.46,0.2,0.1,0.6,427.8892363003893,0.048343080299137496,1
0.46,0.2,0.1,1.5,613.1633621704058,0.04038423882147891,1
0.46,0.2,0.1,3.0,763.0517817419028,0.03620120231862461,1
0.46,0.2,0.1,5.0,815.3751406303794,0.0350204132674939,1
0.46,0.2,0.1,6.63,828.2641759454989,0.03474685973869626,1
0.46,0.2,0.15,0.6,577.6312842913321,0.04160778980433381,1
0.46,0.2,0.15,1.5,738.5150698831548,0.036797669893735986,1
0.46,0.2,0.15,3.0,834.0964283108963,0.0346251664046575,1
0.46,0.2,0.15,5.0,860.6816346546074,0.03408621131025565,1
0.46,0.2,0.15,6.63,863.556737572461,0.03402942113759552,1
0.46,0.4,0.01,0.6,27.404029341681266,0.19102613469654653,0
0.46,0.4,0.01,1.5,60.188900661382746,0.1288966987298441,1
0.46,0.4,0.01,3.0,195.41359456505077,0.07153566409592059,1
0.46,0.4,0.01,5.0,329.4859967318167,0.055091109537360655,1
0.46,0.4,0.01,6.63,367.3731114199043,0.052173060901390234,1
0.46,0.4,0.03,0.6,78.98097189262478,0.11252234209354983,1
0.46,0.4,0.03,1.5,154.95902082572954,0.0803325528234569,1
0.46,0.4,0.03,3.0,317.3756581616358,0.05613234589760109,1
0.46,0.4,0.03,5.0,396.8460495920582,0.0501982953246035,1
0.46,0.4,0.03,6.63,424.6123443806426,0.048529262575732555,1
0.46,0.4,0.05,0.6,126.5717383417034,0.0888856448751585,1
0.46,0.4,0.05,1.5,226.52282031326078,0.06644220241258483,1
0.46,0.4,0.05,3.0,373.55674746480884,0.051739438031794996,1
0.46,0.4,0.05,5.0,429.50944782822995,0.04825181336413031,1
0.46,0.4,0.05,6.63,450.2693782880914,0.047126348839208514,1
0.46,0.4,0.1,0.6,230.279025229718,0.06589808721855056,1
0.46,0.4,0.1,1.5,347.869312565711,0.05361569506888667,1
0.46,0.4,0.1,3.0,446.8431955900817,0.04730667513384991,1
0.46,0.4,0.1,5.0,473.9558910333201,0.04593365848892803,1
0.46,0.4,0.1,6.63,480.02063364984645,0.04564256545606281,1
0.46,0.4,0.15,0.6,315.5267428319491,0.0562965670981491,1
0.46,0.4,0.15,1.5,424.5625997352435,0.0485321055019014,1
0.46,0.4,0.15,3.0,487.69666473190716,0.04528194858186548,1
0.46,0.4,0.15,5.0,499.04046181846786,0.044764333264294666,1
0.46,0.4,0.15,6.63,497.8647014917592,0.04481715995545799,1
0.46,0.6,0.01,0.6,16.09975049288706,0.2492243243036678,0
0.46,0.6,0.01,1.5,35.71773940856538,0.1673239151033198,0
0.46,0.6,0.01,3.0,122.90671964231146,0.09020117319662228,1
0.46,0.6,0.01,5.0,213.50951572356053,0.06843706597531608,1
0.46,0.6,0.01,6.63,235.66368495319142,0.0651408869968744,1
0.46,0.6,0.03,0.6,46.6681048591924,0.14638275531768075,1
0.46,0.6,0.03,1.5,93.80909802861353,0.10324701865102248,1
0.46,0.6,0.03,3.0,204.6735929978352,0.06989869912310476,1
0.46,0.6,0.03,5.0,255.88933020263744,0.06251351387848297,1
0.46,0.6,0.03,6.63,271.0093396714794,0.06074462718880924,1
0.46,0.6,0.05,0.6,75.19752633730408,0.11531829768523987,1
0.46,0.6,0.05,1.5,139.11539320882218,0.08478370795187623,1
0.46,0.6,0.05,3.0,241.9567757687749,0.06428817624648084,1
0.46,0.6,0.05,5.0,276.05459698307834,0.060186973889434316,1
0.46,0.6,0.05,6.63,288.03530828056074,0.058921953346970035,1
0.46,0.6,0.1,0.6,138.54102486681896,0.08495927583743519,1
0.46,0.6,0.1,1.5,218.46703000453948,0.06765611373936879,1
0.46,0.6,0.1,3.0,289.6708405425848,0.058755376052624105,1
0.46,0.6,0.1,5.0,304.0736043548386,0.05734699147283085,1
0.46,0.6,0.1,6.63,306.9683619672984,0.05707595562434369,1
0.46,0.6,0.15,0.6,191.98768619833123,0.07217109801025696,1
0.46,0.6,0.15,1.5,269.9996404748393,0.060858102463585785,1
0.46,0.6,0.15,3.0,315.7826300751529,0.056273753156731554,1
0.46,0.6,0.15,5.0,319.7028161848467,0.055927675469828415,1
0.46,0.6,0.15,6.63,317.15247623075385,0.056152092743517526,1
0.46,0.8,0.01,0.6,10.268871294317682,0.3120603883932136,0
0.46,0.8,0.01,1.5,22.950191038310322,0.20874056157389095,0
0.46,0.8,0.01,3.0,82.78100983267878,0.10990935013503172,1
0.46,0.8,0.01,5.0,148.19227092750793,0.08214615179316347,1
0.46,0.8,0.01,6.63,162.13905758386392,0.07853372146815216,1
0.46,0.8,0.03,0.6,29.893722008909368,0.18289844124845267,0
0.46,0.8,0.03,1.5,61.206926782460236,0.1278202648232763,1
0.46,0.8,0.03,3.0,141.30040181929368,0.08412562457224247,1
0.46,0.8,0.03,5.0,176.9150949282188,0.07518263713050083,1
0.46,0.8,0.03,6.63,185.0698967267702,0.07350757719903898,1
0.46,0.8,0.05,0.6,48.366766648760645,0.14378926781568302,1
0.46,0.8,0.05,1.5,91.82856013326803,0.10435448344783982,1
0.46,0.8,0.05,3.0,167.88533214930945,0.07717801827895993,1
0.46,0.8,0.05,5.0,190.1732556518231,0.07251457054678312,1
0.46,0.8,0.05,6.63,197.03787206111036,0.07124020256748219,1
0.46,0.8,0.1,0.6,89.97090724594369,0.10542629639015452,1
0.46,0.8,0.1,1.5,147.02008631129516,0.0824729754581336,1
0.46,0.8,0.1,3.0,201.34657595474562,0.07047383020401446,1
0.46,0.8,0.1,5.0,208.97215558852722,0.06917605459399198,1
0.46,0.8,0.1,6.63,210.2388784434678,0.0689673413420432,1
0.46,0.8,0.15,0.6,125.78912866413987,0.08916172160755004,1
0.46,0.8,0.15,1.5,183.83023641555633,0.07375501015425494,1
0.46,0.8,0.15,3.0,219.33478919802133,0.06752214639609105,1
0.46,0.8,0.15,5.0,219.51173334366098,0.06749492676416857,1
0.46,0.8,0.15,6.63,216.6493226351388,0.06793934135404672,1
0.46,1.0,0.01,0.6,6.9535643452756135,0.3792243897254855,0
0.46,1.0,0.01,1.5,15.628699542528864,0.25295226874020416,0
0.46,1.0,0.01,3.0,58.610764423839356,0.13062048956874253,1
0.46,1.0,0.01,5.0,108.17696331642375,0.09614630687738777,1
0.46,1.0,0.01,6.63,117.49847921657387,0.09225371781726732,1
0.46,1.0,0.03,0.6,20.309727317648637,0.22189522349850793,0
0.46,1.0,0.03,1.5,42.190300080401244,0.15395496269802267,0
0.46,1.0,0.03,3.0,102.47044658533349,0.09878720215091569,1
0.46,1.0,0.03,5.0,128.7613185057301,0.0881266562938918,1
0.46,1.0,0.03,6.63,132.92465404512248,0.08673556875720165,1
0.46,1.0,0.05,0.6,32.96586848013335,0.1741677491056154,0
0.46,1.0,0.05,1.5,63.90704643251077,0.12509087396922092,1
0.46,1.0,0.05,3.0,122.44023291938814,0.09037283918744075,1
0.46,1.0,0.05,5.0,137.92276366993397,0.08514948479391299,1
0.46,1.0,0.05,6.63,141.65855962002786,0.08401920912659387,1
0.46,1.0,0.1,0.6,61.79083350607108,0.12721489776261394,1
0.46,1.0,0.1,1.5,104.04381624035673,0.09803741767147736,1
0.46,1.0,0.1,3.0,147.23016017854246,0.08241411658900352,1
0.46,1.0,0.1,5.0,151.10589872035854,0.08135032473347883,1
0.46,1.0,0.1,6.63,151.45540197015023,0.08125640723628023,1
0.46,1.0,0.15,0.6,87.00626548793196,0.10720739317036013,1
0.46,1.0,0.15,1.5,131.49181761870346,0.08720685723656803,1
0.46,1.0,0.15,3.0,160.33831306706415,0.07897349257916467,1
0.46,1.0,0.15,5.0,158.61265785131806,0.07940193363326659,1
0.46,1.0,0.15,6.63,155.83737098181226,0.0801058427089618,1
0.64,0.0,0.01,0.6,148.53908816720954,0.08205019607119779,1
0.64,0.0,0.01,1.5,414.9299748181686,0.049092211338529486,1
0.64,0.0,0.01,3.0,994.0230652871603,0.031717705989932087,1
0.64,0.0,0.01,5.0,1294.9348642146444,0.027789199596867858,1
0.64,0.0,0.01,6.63,1434.4454574497317,0.026403286013895546,1
0.64,0.0,0.03,0.6,407.76699070545646,0.0495215200684502,1
0.64,0.0,0.03,1.5,838.7171338483031,0.0345296552597935,1
0.64,0.0,0.03,3.0,1282.6835873343496,0.027921595497085665,1
0.64,0.0,0.03,5.0,1481.9343501514209,0.025976792041508552,1
0.64,0.0,0.03,6.63,1541.3272090317805,0.025471386009210516,1
0.64,0.0,0.05,0.6,626.2725543559595,0.039959340340037834,1
0.64,0.0,0.05,1.5,1076.4932321734086,0.030478553246622856,1
0.64,0.0,0.05,3.0,1419.6795805114748,0.026540239160318838,1
0.64,0.0,0.05,5.0,1558.873157734509,0.02532763334488127,1
0.64,0.0,0.05,6.63,1588.4479192338117,0.025090742300696488,1
0.64,0.0,0.1,0.6,1045.4536660009187,0.030927698649802465,1
0.64,0.0,0.1,1.5,1411.8611597848662,0.026613623245126505,1
0.64,0.0,0.1,3.0,1608.4668571248699,0.024934114054431904,1
0.64,0.0,0.1,5.0,1670.1514883006,0.02446932941129935,1
0.64,0.0,0.1,6.63,1678.5239701904122,0.02440822658169079,1
0.64,0.0,0.15,0.6,1341.462448256358,0.027303023321117118,1
0.64,0.0,0.15,1.5,1604.4863066184441,0.024965024264821164,1
0.64,0.0,0.15,3.0,1721.3486062212492,0.024102693819640964,1
0.64,0.0,0.15,5.0,1751.2210925376169,0.023896236635864675,1
0.64,0.0,0.15,6.63,1754.474203901865,0.023874072392328593,1
0.64,0.2,0.01,0.6,63.829878630850885,0.12516646609160115,1
0.64,0.2,0.01,1.5,187.93978045552976,0.07294417930497624,1
0.64,0.2,0.01,3.0,497.232911659926,0.04484562351513827,1
0.64,0.2,0.01,5.0,643.6858121683092,0.03941513620245304,1
0.64,0.2,0.01,6.63,717.1837110680756,0.03734090087765728,1
0.64,0.2,0.03,0.6,178.49516708762144,0.07484913213871312,1
0.64,0.2,0.03,1.5,399.39800432003886,0.05003766725193936,1
0.64,0.2,0.03,3.0,641.832661158886,0.03947199646876678,1
0.64,0.2,0.03,5.0,740.5999056688831,0.03674583950229048,1
0.64,0.2,0.03,6.63,772.9887090101313,0.03596776274965018,1
0.64,0.2,0.05,0.6,278.4263867442468,0.05993007266765641,1
0.64,0.2,0.05,1.5,522.393745604103,0.04375231283692787,1
0.64,0.2,0.05,3.0,708.9673719970164,0.037556652493261955,1
0.64,0.2,0.05,5.0,779.5281275440311,0.03581657922381887,1
0.64,0.2,0.05,6.63,792.0732359918073,0.03553180995624485,1
0.64,0.2,0.1,0.6,478.7460049343533,0.045703285182336933,1
0.64,0.2,0.1,1.5,695.8996603617145,0.037907634776258796,1
0.64,0.2,0.1,3.0,800.9005856978417,0.03533545552496641,1
0.64,0.2,0.1,5.0,829.0677653382999,0.03473001613531543,1
0.64,0.2,0.1,6.63,827.8043323167833,0.03475650930388185,1
0.64,0.2,0.15,0.6,627.4178812210297,0.03992285157178587,1
0.64,0.2,0.15,1.5,794.2234553941598,0.03548367931527789,1
0.64,0.2,0.15,3.0,854.3791187818724,0.03421170253219353,1
0.64,0.2,0.15,5.0,863.2963338035584,0.03403455304945281,1
0.64,0.2,0.15,6.63,859.8245281867861,0.03410319630780893,1
0.64,0.4,0.01,0.6,33.315407770842405,0.17325167152644225,0
0.64,0.4,0.01,1.5,101.52441380722776,0.09924639824067848,1
0.64,0.4,0.01,3.0,291.81565718303966,0.05853905469043013,1
0.64,0.4,0.01,5.0,372.7032734893884,0.05179864466585127,1
0.64,0.4,0.01,6.63,414.84878047183804,0.04909701527574763,1
0.64,0.4,0.03,0.6,94.278592369862,0.10298961986707318,1
0.64,0.4,0.03,1.5,224.36527767566454,0.06676089902180508,1
0.64,0.4,0.03,3.0,376.33161559161476,0.05154833563157428,1
0.64,0.4,0.03,5.0,429.5643876363333,0.04824872764495725,1
0.64,0.4,0.03,6.63,450.07139230555845,0.04713671311780907,1
0.64,0.4,0.05,0.6,148.60778642747684,0.08203122883723414,1
0.64,0.4,0.05,1.5,298.55123002659514,0.05787494184042805,1
0.64,0.4,0.05,3.0,414.59429023578576,0.04911208156402473,1
0.64,0.4,0.05,5.0,453.1485730755459,0.0469763956425872,1
0.64,0.4,0.05,6.63,459.25253067337263,0.046663168094065746,1
0.64,0.4,0.1,0.6,261.05633211211557,0.06189176731213712,1
0.64,0.4,0.1,1.5,404.1107933465711,0.04974503891455363,1
0.64,0.4,0.1,3.0,466.76237298018856,0.04628625892422846,1
0.64,0.4,0.1,5.0,480.07155676142855,0.045640144647060406,1
0.64,0.4,0.1,6.63,475.27603195110663,0.045869820777067465,1
0.64,0.4,0.15,0.6,347.8519616953194,0.05361703222876822,1
0.64,0.4,0.15,1.5,463.5340964624031,0.04644715925407422,1
0.64,0.4,0.15,3.0,496.8350833509561,0.044863574430028245,1
0.64,0.4,0.15,5.0,497.0599611247844,0.044853424787252134,1
0.64,0.4,0.15,6.63,490.7906878658996,0.0451389905885095,1
0.64,0.6,0.01,0.6,19.602728539308423,0.22586125506646013,0
0.64,0.6,0.01,1.5,61.21417030257853,0.12781270206414302,1
0.64,0.6,0.01,3.0,189.37593911832846,0.07266706177204169,1
0.64,0.6,0.01,5.0,238.2376319154219,0.06478803650615123,1
0.64,0.6,0.01,6.63,263.46783214274825,0.06160787099655267,1
0.64,0.6,0.03,0.6,55.939464892984056,0.13370290585078828,1
0.64,0.6,0.03,1.5,139.60980513220255,0.08463344897135433,1
0.64,0.6,0.03,3.0,243.95456062671698,0.06402440177822755,1
0.64,0.6,0.03,5.0,274.10095589051593,0.06040108290322749,1
0.64,0.6,0.03,6.63,288.39338211161504,0.05888536276622737,1
0.64,0.6,0.05,0.6,88.84591015820033,0.10609166850855671,1
0.64,0.6,0.05,1.5,188.6998640688093,0.0727971213825997,1
0.64,0.6,0.05,3.0,268.0789411548301,0.06107572771269156,1
0.64,0.6,0.05,5.0,289.95453172233437,0.05872662592251385,1
0.64,0.6,0.05,6.63,293.50607040982743,0.05837023691413281,1
0.64,0.6,0.1,0.6,158.61974310181733,0.07940016024471659,1
0.64,0.6,0.1,1.5,259.585736877057,0.06206683316030171,1
0.64,0.6,0.1,3.0,300.6595929192013,0.05767166202917818,1
0.64,0.6,0.1,5.0,306.78042419075575,0.05709343569317669,1
0.64,0.6,0.1,6.63,301.0675148986838,0.05763257858182663,1
0.64,0.6,0.15,0.6,214.16879667215136,0.0683316490543071,1
0.64,0.6,0.15,1.5,299.4845975841461,0.057784685534145695,1
0.64,0.6,0.15,3.0,319.43066991037387,0.055951494829500986,1
0.64,0.6,0.15,5.0,316.21340260937984,0.05623540967012929,1
0.64,0.6,0.15,6.63,309.1080963849295,0.05687806454199317,1
0.64,0.8,0.01,0.6,12.517091192354975,0.28264954577081736,0
0.64,0.8,0.01,1.5,39.81053922441586,0.15848967322614685,0
0.64,0.8,0.01,3.0,131.68194931283145,0.08714387678615258,1
0.64,0.8,0.01,5.0,163.3109023758838,0.07825145305772184,1
0.64,0.8,0.01,6.63,178.6770913348057,0.07481101773981455,1
0.64,0.8,0.03,0.6,35.94280502621415,0.16679922040624,0
0.64,0.8,0.03,1.5,93.17175669928767,0.10359954738579706,1
0.64,0.8,0.03,3.0,169.49342959887974,0.07681102600803916,1
0.64,0.8,0.03,5.0,187.02454863939585,0.0731224429539546,1
0.64,0.8,0.03,6.63,197.5791101384701,0.07114255977427116,1
0.64,0.8,0.05,0.6,57.415469458165276,0.13197313697309934,1
0.64,0.8,0.05,1.5,127.72137847013275,0.08848470379794232,1
0.64,0.8,0.05,3.0,185.86214548411976,0.07335074462269237,1
0.64,0.8,0.05,5.0,198.37441386416668,0.07099980758051334,1
0.64,0.8,0.05,6.63,200.8609271213857,0.0705589758591439,1
0.64,0.8,0.1,0.6,103.80962258206756,0.09814794117720782,1
0.64,0.8,0.1,1.5,178.53278157262253,0.07484124686453139,1
0.64,0.8,0.1,3.0,207.64094121884463,0.06939744887006226,1
0.64,0.8,0.1,5.0,210.00418837698555,0.06900586778864634,1
0.64,0.8,0.1,6.63,204.448603145252,0.0699371493093816,1
0.64,0.8,0.15,0.6,141.67063784905162,0.08401562749212116,1
0.64,0.8,0.15,1.5,207.28149345924908,0.06945759401921298,1
0.64,0.8,0.15,3.0,220.20301698508362,0.0673889000269516,1
0.64,0.8,0.15,5.0,215.74519614922343,0.06808154970698202,1
0.64,0.8,0.15,6.63,208.7157600412191,0.06921853099506968,1
0.64,1.0,0.01,0.6,8.483121773507026,0.34333821850798424,0
0.64,1.0,0.01,1.5,27.36866695438654,0.19114950496409328,0
0.64,1.0,0.01,3.0,96.2743177250448,0.10191656440457024,1
0.64,1.0,0.01,5.0,117.93710346202407,0.09208200590573994,1
0.64,1.0,0.01,6.63,127.2508057786715,0.08864816076492267,1
0.64,1.0,0.03,0.6,24.47727518118992,0.20212427019653625,0
0.64,1.0,0.03,1.5,65.44748697366188,0.12360997321806654,1
0.64,1.0,0.03,3.0,123.88168746083656,0.08984552354890382,1
0.64,1.0,0.03,5.0,134.1475776616683,0.08633931178400167,1
0.64,1.0,0.03,6.63,142.2112660943438,0.08385577914491661,1
0.64,1.0,0.05,0.6,39.27738263142069,0.15956172774444868,0
0.64,1.0,0.05,1.5,90.85842051980445,0.10491012599523673,1
0.64,1.0,0.05,3.0,135.62348339216933,0.08586823825441785,1
0.64,1.0,0.05,5.0,142.6066329490704,0.08373945634135632,1
0.64,1.0,0.05,6.63,144.61068670771644,0.08315719005783564,1
0.64,1.0,0.1,0.6,71.73851492158485,0.11806571703403337,1
0.64,1.0,0.1,1.5,128.98587409838998,0.08804991163426759,1
0.64,1.0,0.1,3.0,150.9592840626451,0.08138981967254097,1
0.64,1.0,0.1,5.0,151.2406043889628,0.08131408846251205,1
0.64,1.0,0.1,6.63,146.24522011898594,0.08269117436615248,1
0.64,1.0,0.15,0.6,98.76717690104482,0.1006221701895944,1
0.64,1.0,0.15,1.5,150.75567226222938,0.08144476399304934,1
0.64,1.0,0.15,3.0,159.79749071200567,0.0791070195618601,1
0.64,1.0,0.15,5.0,155.02985506692474,0.08031419846986258,1
0.64,1.0,0.15,6.63,148.47354813010122,0.08206830360497812,1
0.82,0.0,0.01,0.6,180.6221145053693,0.07440712751184947,1
0.82,0.0,0.01,1.5,605.7543926508484,0.04063045763257551,1
0.82,0.0,0.01,3.0,1158.8871508946659,0.029375104899568627,1
0.82,0.0,0.01,5.0,1419.2959295012074,0.02654382597451277,1
0.82,0.0,0.01,6.63,1504.3395073815884,0.025782621284026714,1
0.82,0.0,0.03,0.6,477.95657790395416,0.045741013006191905,1
0.82,0.0,0.03,1.5,1018.0283803607188,0.03134152016538644,1
0.82,0.0,0.03,3.0,1389.0831396267859,0.02683093950087104,1
0.82,0.0,0.03,5.0,1536.947681147098,0.025507650513345036,1
0.82,0.0,0.03,6.63,1556.1608636223477,0.025349696000877005,1
0.82,0.0,0.05,0.6,713.4584090853996,0.03743826115696343,1
0.82,0.0,0.05,1.5,1221.1909984410322,0.02861595227275933,1
0.82,0.0,0.05,3.0,1498.6105107937015,0.02583185610847253,1
0.82,0.0,0.05,5.0,1586.5735229038314,0.025105559172514922,1
0.82,0.0,0.05,6.63,1594.2891400048084,0.02504473588582503,1
0.82,0.0,0.1,0.6,1134.5202925225735,0.029688883522587965,1
0.82,0.0,0.1,1.5,1498.183000385106,0.025835541439187953,1
0.82,0.0,0.1,3.0,1647.1587155396342,0.02463952184882072,1
0.82,0.0,0.1,5.0,1678.0669675098443,0.024411550008537244,1
0.82,0.0,0.1,6.63,1679.853317620912,0.024398566977871673,1
0.82,0.0,0.15,0.6,1413.1807054255269,0.0266011952194717,1
0.82,0.0,0.15,1.5,1657.4653896834425,0.02456279398908071,1
0.82,0.0,0.15,3.0,1741.045311400794,0.02396596733360555,1
0.82,0.0,0.15,5.0,1754.3067561856144,0.02387521174936992,1
0.82,0.0,0.15,6.63,1754.9494727627484,0.023870839429875293,1
0.82,0.2,0.01,0.6,78.02134397450197,0.11321221473919633,1
0.82,0.2,0.01,1.5,286.56693277240777,0.059072719179155346,1
0.82,0.2,0.01,3.0,581.2653907178683,0.04147751865841114,1
0.82,0.2,0.01,5.0,708.3420395436034,0.03757322655729313,1
0.82,0.2,0.01,6.63,756.996330094848,0.036345706310599024,1
0.82,0.2,0.03,0.6,211.76560435705738,0.06871828131491599,1
0.82,0.2,0.03,1.5,500.47010356608524,0.04470035069273905,1
0.82,0.2,0.03,3.0,692.9128733767009,0.03798924697200733,1
0.82,0.2,0.03,5.0,770.9830103720367,0.03601451711042613,1
0.82,0.2,0.03,6.63,775.0272816556216,0.03592042817301492,1
0.82,0.2,0.05,0.6,322.2729992262559,0.055704212585108215,1
0.82,0.2,0.05,1.5,605.2344548149388,0.04064790605852916,1
0.82,0.2,0.05,3.0,747.61598140005,0.036573010590984695,1
0.82,0.2,0.05,5.0,791.82270165201,0.03553743068074167,1
0.82,0.2,0.05,6.63,789.1358990993392,0.03559787712902995,1
0.82,0.2,0.1,0.6,529.3219640574913,0.04346503586895672,1
0.82,0.2,0.1,1.5,745.120342392485,0.03663420656763838,1
0.82,0.2,0.1,3.0,819.6541596194952,0.034928881307720566,1
0.82,0.2,0.1,5.0,828.2926292770184,0.03474626292521803,1
0.82,0.2,0.1,6.63,824.307544583067,0.034830151427516616,1
0.82,0.2,0.15,0.6,672.5517399489638,0.03856001105199137,1
0.82,0.2,0.15,1.5,823.8402000029853,0.03484002917726946,1
0.82,0.2,0.15,3.0,862.1368107266538,0.034057432590704935,1
0.82,0.2,0.15,5.0,860.2994444411296,0.034093781912513436,1
0.82,0.2,0.15,6.63,857.1347879476898,0.034156663330033615,1
0.82,0.4,0.01,0.6,40.85240513250895,0.15645562612051286,0
0.82,0.4,0.01,1.5,159.97034300811993,0.07906426937002503,1
0.82,0.4,0.01,3.0,340.84480503382156,0.05416536330444748,1
0.82,0.4,0.01,5.0,409.11976850654503,0.04943957941460497,1
0.82,0.4,0.01,6.63,441.5055958989002,0.0475917740215055,1
0.82,0.4,0.03,0.6,112.73552470606322,0.09418236781735237,1
0.82,0.4,0.03,1.5,289.33373375454727,0.05878959444447391,1
0.82,0.4,0.03,3.0,403.3605275054081,0.04979128124859266,1
0.82,0.4,0.03,5.0,448.93286494499523,0.047196446386757386,1
0.82,0.4,0.03,6.63,447.68157703289813,0.047262358339856494,1
0.82,0.4,0.05,0.6,173.89898206001317,0.0758318201234346,1
0.82,0.4,0.05,1.5,352.8305448315393,0.05323740919713191,1
0.82,0.4,0.05,3.0,434.66860976053033,0.04796460374617559,1
0.82,0.4,0.05,5.0,459.55494190473166,0.046647812162575665,1
0.82,0.4,0.05,6.63,453.06750472143517,0.04698059824892681,1
0.82,0.4,0.1,0.6,292.78533895305793,0.058442035946192336,1
0.82,0.4,0.1,1.5,436.156077572197,0.04788274458924717,1
0.82,0.4,0.1,3.0,476.1301968025831,0.045828657690965384,1
0.82,0.4,0.1,5.0,476.1403162747144,0.04582817068716358,1
0.82,0.4,0.1,6.63,469.6569954633877,0.04614340112981926,1
0.82,0.4,0.15,0.6,378.31898676888295,0.051412761452698866,1
0.82,0.4,0.15,1.5,482.13238312316423,0.04554249808712229,1
0.82,0.4,0.15,3.0,499.3287016413875,0.04475141118906851,1
0.82,0.4,0.15,5.0,491.56118122113526,0.04510360035331905,1
0.82,0.4,0.15,6.63,486.5322350246123,0.045336103405985144,1
0.82,0.6,0.01,0.6,24.0897052955131,0.20374373179373179,0
0.82,0.6,0.01,1.5,98.97253067722761,0.10051772771514561,1
0.82,0.6,0.01,3.0,220.68359677321746,0.06731548407194168,1
0.82,0.6,0.01,5.0,259.5381377820148,0.06207252440412621,1
0.82,0.6,0.01,6.63,283.1775191545107,0.05942519474554116,1
0.82,0.6,0.03,0.6,67.26475723204835,0.12192877497643709,1
0.82,0.6,0.03,1.5,184.86355296412074,0.07354859015052699,1
0.82,0.6,0.03,3.0,259.32795555183964,0.06209767383149521,1
0.82,0.6,0.03,5.0,287.5921265464605,0.05896733546744414,1
0.82,0.6,0.03,6.63,284.8016794224603,0.059255508182376654,1
0.82,0.6,0.05,0.6,104.80242772580579,0.09768195173516196,1
0.82,0.6,0.05,1.5,227.44587598497264,0.0663072423860596,1
0.82,0.6,0.05,3.0,278.7771549301201,0.05989235763398886,1
0.82,0.6,0.05,5.0,293.9456159384289,0.05832657922099373,1
0.82,0.6,0.05,6.63,286.4419277441675,0.0590856076230977,1
0.82,0.6,0.1,0.6,179.91991148183808,0.07455218657902091,1
0.82,0.6,0.1,1.5,282.60930400255086,0.05948490498857042,1
0.82,0.6,0.1,3.0,305.1677154478913,0.05724409671031362,1
0.82,0.6,0.1,5.0,302.04067822886844,0.057539658710880785,1
0.82,0.6,0.1,6.63,294.67297567283504,0.05825454917287408,1
0.82,0.6,0.15,0.6,235.79731121533754,0.06512242672105313,1
0.82,0.6,0.15,1.5,312.5117102660295,0.056567482632420334,1
0.82,0.6,0.15,3.0,319.5124835149838,0.05594433096771006,1
0.82,0.6,0.15,5.0,309.9878923713788,0.05679729259767463,1
0.82,0.6,0.15,6.63,304.1742884990922,0.05733749952879749,1
0.82,0.8,0.01,0.6,15.406540324599206,0.2547695016161884,0
0.82,0.8,0.01,1.5,65.71645465917732,0.123356755228602,1
0.82,0.8,0.01,3.0,153.02639049513897,0.08083823687776102,1
0.82,0.8,0.01,5.0,175.88997822676748,0.07540140743259469,1
0.82,0.8,0.01,6.63,194.12234308831637,0.0717731881052417,1
0.82,0.8,0.03,0.6,43.40029384164208,0.15179367131767676,0
0.82,0.8,0.03,1.5,126.40877547202514,0.08894292093955844,1
0.82,0.8,0.03,3.0,178.75840411133754,0.07479400096368816,1
0.82,0.8,0.03,5.0,196.9221241502076,0.0712611364602732,1
0.82,0.8,0.03,6.63,194.03028875007567,0.07179021186455907,1
0.82,0.8,0.05,0.6,68.1442195649014,0.12113941971720438,1
0.82,0.8,0.05,1.5,156.97870852554138,0.0798141006044145,1
0.82,0.8,0.05,3.0,191.54585703864456,0.07225428678043842,1
0.82,0.8,0.05,5.0,201.28055103722664,0.07048538782169882,1
0.82,0.8,0.05,6.63,193.9334670761863,0.07180813033228566,1
0.82,0.8,0.1,0.6,118.83154160230245,0.09173480336214783,1
0.82,0.8,0.1,1.5,196.2606863784411,0.07138111759743074,1
0.82,0.8,0.1,3.0,209.45779253177943,0.06909581422087341,1
0.82,0.8,0.1,5.0,205.40843758032574,0.06977355649905766,1
0.82,0.8,0.1,6.63,197.94294171666712,0.07107714745246199,1
0.82,0.8,0.15,0.6,157.60950055297175,0.07965422263516277,1
0.82,0.8,0.15,1.5,217.23542347686845,0.06784762933278572,1
0.82,0.8,0.15,3.0,219.12369147670404,0.06755466305341072,1
0.82,0.8,0.15,5.0,209.60978432081495,0.06907075837498564,1
0.82,0.8,0.15,6.63,203.58354543357842,0.07008557863921765,1
0.82,1.0,0.01,0.6,10.453974953272557,0.30928529532954785,0
0.82,1.0,0.01,1.5,45.955183289239244,0.14751383328359516,1
0.82,1.0,0.01,3.0,111.58385102623265,0.0946671553167909,1
0.82,1.0,0.01,5.0,125.23301938876122,0.08935946792581796,1
0.82,1.0,0.01,6.63,139.77681213448588,0.08458287333260976,1
0.82,1.0,0.03,0.6,29.651887832343988,0.18364276611828378,0
0.82,1.0,0.03,1.5,90.78901458907887,0.10495021891778192,1
0.82,1.0,0.03,3.0,129.74447721989407,0.08779212470731557,1
0.82,1.0,0.03,5.0,141.6277149230787,0.08402835778072126,1
0.82,1.0,0.03,6.63,139.1493499428842,0.08477336240054531,1
0.82,1.0,0.05,0.6,46.843914200365774,0.1461078034003478,1
0.82,1.0,0.05,1.5,113.81814619572108,0.09373337314857824,1
0.82,1.0,0.05,3.0,138.52367362530273,0.08496459659855876,1
0.82,1.0,0.05,5.0,144.9577129949626,0.08305759196726097,1
0.82,1.0,0.05,6.63,138.23435956815325,0.08505346236208743,1
0.82,1.0,0.1,0.6,82.74103606148503,0.10993589657985989,1
0.82,1.0,0.1,1.5,143.3049332549122,0.08353518320246504,1
0.82,1.0,0.1,3.0,151.2263964859083,0.08131790815133105,1
0.82,1.0,0.1,5.0,147.1386203516114,0.08243974888372571,1
0.82,1.0,0.1,6.63,139.9531812109426,0.08452956083930198,1
0.82,1.0,0.15,0.6,110.86138085467701,0.09497512157095145,1
0.82,1.0,0.15,1.5,158.8604815188069,0.07933997562288637,1
0.82,1.0,0.15,3.0,158.1447521744181,0.07951931082899208,1
0.82,1.0,0.15,5.0,149.33519011146265,0.08183120010442232,1
0.82,1.0,0.15,6.63,143.39576703241377,0.08350872140933016,1
1.0,0.0,0.01,0.6,220.31047325510838,0.06737246357947285,1
1.0,0.0,0.01,1.5,786.4393614273472,0.03565885377825541,1
1.0,0.0,0.01,3.0,1262.3880850292023,0.028145149287575645,1
1.0,0.0,0.01,5.0,1488.9932917258434,0.025915144181459616,1
1.0,0.0,0.01,6.63,1517.9542582511049,0.025666736826544124,1
1.0,0.0,0.03,0.6,556.3099529653956,0.042397630440538944,1
1.0,0.0,0.03,1.5,1148.8979126220815,0.02950253130099138,1
1.0,0.0,0.03,3.0,1461.4890479055614,0.026157860382605213,1
1.0,0.0,0.03,5.0,1553.6414244658881,0.02537024165073882,1
1.0,0.0,0.03,6.63,1557.9946994885556,0.02533477269298107,1
1.0,0.0,0.05,0.6,803.5571108310862,0.03527699842522332,1
1.0,0.0,0.05,1.5,1320.1688485906589,0.02752233391653266,1
1.0,0.0,0.05,3.0,1546.8871559940972,0.02542556914433944,1
1.0,0.0,0.05,5.0,1593.3652945448234,0.02505199539899995,1
1.0,0.0,0.05,6.63,1594.931022683674,0.025039695730580017,1
1.0,0.0,0.1,0.6,1215.4818208839615,0.028683078804610802,1
1.0,0.0,0.1,1.5,1554.0993252768455,0.025366503823343475,1
1.0,0.0,0.1,3.0,1666.1612920250855,0.024498612002618932,1
1.0,0.0,0.1,5.0,1679.6555931953894,0.024400003001629908,1
1.0,0.0,0.1,6.63,1679.9863008690195,0.024397601295920803,1
1.0,0.0,0.15,0.6,1473.4435063910441,0.026051531262234008,1
1.0,0.0,0.15,1.5,1690.652154711287,0.024320520695874797,1
1.0,0.0,0.15,3.0,1749.5671487981924,0.023907529056021,1
1.0,0.0,0.15,5.0,1754.880229443612,0.023871310367954274,1
1.0,0.0,0.15,6.63,1754.9952201737742,0.02387052830759788,1
1.0,0.2,0.01,0.6,95.83694833718305,0.10214885709089683,1
1.0,0.2,0.01,1.5,385.6858014635957,0.05091938790538316,1
1.0,0.2,0.01,3.0,628.9135893044124,0.03987535023134777,1
1.0,0.2,0.01,5.0,749.3004659508051,0.0365318780031826,1
1.0,0.2,0.01,6.63,758.3543289882797,0.0363131492701886,1
1.0,0.2,0.03,0.6,250.1148945586666,0.06323102507094008,1
1.0,0.2,0.03,1.5,572.67198370251,0.041787561760779,1
1.0,0.2,0.03,3.0,729.4211123411328,0.037026344307654405,1
1.0,0.2,0.03,5.0,776.0564034070937,0.03589660338581969,1
1.0,0.2,0.03,6.63,771.4802862629199,0.03600290823443013,1
1.0,0.2,0.05,0.6,369.4084859555659,0.05202913026315445,1
1.0,0.2,0.05,1.5,658.9182327490836,0.03895688627335658,1
1.0,0.2,0.05,3.0,773.0834308521227,0.03596555921186321,1
1.0,0.2,0.05,5.0,790.5895689682718,0.03556513487402374,1
1.0,0.2,0.05,6.63,786.3703134771663,0.03566041927269937,1
1.0,0.2,0.1,0.6,577.0665053701626,0.04162814573863582,1
1.0,0.2,0.1,1.5,774.3007918353206,0.03593727544182426,1
1.0,0.2,0.1,3.0,827.8966118067156,0.03475457222485322,1
1.0,0.2,0.1,5.0,825.3531886127497,0.03480808118967242,1
1.0,0.2,0.1,6.63,822.7546857966136,0.03486300496890662,1
1.0,0.2,0.15,0.6,711.3983136650228,0.037492429569484474,1
1.0,0.2,0.15,1.5,840.3786002126026,0.034495505030042624,1
1.0,0.2,0.15,3.0,863.6050738389184,0.03402846880519629,1
1.0,0.2,0.15,5.0,857.8614231792392,0.034142194388878395,1
1.0,0.2,0.15,6.63,856.1251557763246,0.03417679794741291,1
1.0,0.4,0.01,0.6,50.400866542559,0.14085783155414597,1
1.0,0.4,0.01,1.5,222.27112593444218,0.06707465928136865,1
1.0,0.4,0.01,3.0,365.60208943164065,0.05229927463497225,1
1.0,0.4,0.01,5.0,436.6561427790921,0.04785531871387218,1
1.0,0.4,0.01,6.63,438.6660115839703,0.047745561706363605,1
1.0,0.4,0.03,0.6,134.47711892410138,0.08623345802121875,1
1.0,0.4,0.03,1.5,335.35853999581803,0.054606622407583724,1
1.0,0.4,0.03,3.0,422.91247155627,0.048626695084575615,1
1.0,0.4,0.03,5.0,449.9805815165444,0.04714146921878745,1
1.0,0.4,0.03,6.63,441.9537166822159,0.04756763996503504,1
1.0,0.4,0.05,0.6,201.8890466547087,0.07037908582846927,1
1.0,0.4,0.05,1.5,386.3321054271856,0.05087677796303657,1
1.0,0.4,0.05,3.0,449.2002928226575,0.04718239527770763,1
1.0,0.4,0.05,5.0,455.47420487693887,0.046856312428412324,1
1.0,0.4,0.05,6.63,448.79759651503696,0.047203558399246726,1
1.0,0.4,0.1,0.6,323.79227739902126,0.055573372988303595,1
1.0,0.4,0.1,1.5,453.13625472673016,0.04697703415659805,1
1.0,0.4,0.1,3.0,479.9293686707496,0.045646905021463915,1
1.0,0.4,0.1,5.0,471.2854481449056,0.04606361151545307,1
1.0,0.4,0.1,6.63,467.270995224918,0.04626106087957922,1
1.0,0.4,0.15,0.6,405.36418243109597,0.049668073357745444,1
1.0,0.4,0.15,1.5,490.7947191515432,0.04513880520699327,1
1.0,0.4,0.15,3.0,498.10484838778865,0.044806355002011515,1
1.0,0.4,0.15,5.0,487.67157482748604,0.045283113407957536,1
1.0,0.4,0.15,6.63,484.954965681861,0.04540976921294612,1
1.0,0.6,0.01,0.6,29.809882358423142,0.18315545961914284,0
1.0,0.6,0.01,1.5,141.49593365771995,0.0840674782909469,1
1.0,0.6,0.01,3.0,234.80232377789906,0.06526026074324603,1
1.0,0.6,0.01,5.0,279.5158850073026,0.059813160779257066,1
1.0,0.6,0.01,6.63,279.2328006500072,0.05984347219124222,1
1.0,0.6,0.03,0.6,80.81706804059851,0.11123679176714561,1
1.0,0.6,0.03,1.5,217.1614878799619,0.06785917817628324,1
1.0,0.6,0.03,3.0,269.98557927988077,0.06085968722693526,1
1.0,0.6,0.03,5.0,287.4200865372054,0.05898498076050742,1
1.0,0.6,0.03,6.63,278.34025591830203,0.059939344462312895,1
1.0,0.6,0.05,0.6,122.85728163093978,0.09021931993584201,1
1.0,0.6,0.05,1.5,250.5805274495835,0.0631722492841065,1
1.0,0.6,0.05,3.0,287.3386639681963,0.05899333739517488,1
1.0,0.6,0.05,5.0,289.1515255467705,0.05880811459515164,1
1.0,0.6,0.05,6.63,281.58047049643176,0.05959347832505615,1
1.0,0.6,0.1,0.6,201.36933093923855,0.07046984827635049,1
1.0,0.6,0.1,1.5,293.51315549345304,0.05836953241333314,1
1.0,0.6,0.1,3.0,306.9732836408965,0.05707549807581291,1
1.0,0.6,0.1,5.0,296.54285159167677,0.05807059424612994,1
1.0,0.6,0.1,6.63,291.9042596689154,0.058530169757720164,1
1.0,0.6,0.15,0.6,255.60990557544446,0.06254767343905056,1
1.0,0.6,0.15,1.5,317.32430061215837,0.056136888101101824,1
1.0,0.6,0.15,3.0,317.4407304441719,0.05612659230845748,1
1.0,0.6,0.15,5.0,305.5068502435199,0.05721231533519094,1
1.0,0.6,0.15,6.63,302.3141645654529,0.05751362640267332,1
1.0,0.8,0.01,0.6,19.107055346515395,0.2287721318253721,0
1.0,0.8,0.01,1.5,96.37397631281668,0.1018638557357838,1
1.0,0.8,0.01,3.0,161.7296489491589,0.07863306027727973,1
1.0,0.8,0.01,5.0,191.03963038704416,0.07234995501090676,1
1.0,0.8,0.01,6.63,190.2701423285958,0.07249610577274901,1
1.0,0.8,0.03,0.6,52.431282698852556,0.13810352338123705,1
1.0,0.8,0.03,1.5,150.61003280200563,0.0814841329019619,1
1.0,0.8,0.03,3.0,184.45200573065,0.07363059482617582,1
1.0,0.8,0.03,5.0,196.5696489007529,0.07132499814288858,1
1.0,0.8,0.03,6.63,187.51258666582956,0.07302722325714105,1
1.0,0.8,0.05,0.6,80.49649012944244,0.11145807237638071,1
1.0,0.8,0.05,1.5,174.1751373430227,0.07577168046945594,1
1.0,0.8,0.05,3.0,196.56924379071083,0.0713250716397835,1
1.0,0.8,0.05,5.0,196.64441149942115,0.07131143826314265,1
1.0,0.8,0.05,6.63,188.9334771747169,0.07275210124600125,1
1.0,0.8,0.1,0.6,134.34959718824643,0.08627437378233771,1
1.0,0.8,0.1,1.5,203.89098734389327,0.07003271859565958,1
1.0,0.8,0.1,3.0,210.27238183935805,0.06896184672556506,1
1.0,0.8,0.1,5.0,199.87867898639539,0.07073213460871512,1
1.0,0.8,0.1,6.63,195.03157717785936,0.0716056899319522,1
1.0,0.8,0.15,0.6,172.64229586208094,0.07610731463662566,1
1.0,0.8,0.15,1.5,220.09427471505418,0.06740554543277906,1
1.0,0.8,0.15,3.0,216.9277380529792,0.06789572905854752,1
1.0,0.8,0.15,5.0,204.9886630206583,0.06984496089848626,1
1.0,0.8,0.15,6.63,201.60024056644724,0.07042947920613496,1
1.0,1.0,0.01,0.6,12.986911623654215,0.2774898214134076,0
1.0,1.0,0.01,1.5,68.93922541141353,0.12043890553076078,1
1.0,1.0,0.01,3.0,117.32017531881291,0.09232379507496377,1
1.0,1.0,0.01,5.0,137.03907595169343,0.0854235841298539,1
1.0,1.0,0.01,6.63,136.44759185906526,0.08560853445408396,1
1.0,1.0,0.03,0.6,35.97719978832781,0.16671947001757512,0
1.0,1.0,0.03,1.5,109.77166826541333,0.09544537041552517,1
1.0,1.0,0.03,3.0,132.5620920103982,0.08685410019777814,1
1.0,1.0,0.03,5.0,141.4520686917096,0.08408051214499121,1
1.0,1.0,0.03,6.63,132.8921578573989,0.08674617285560832,1
1.0,1.0,0.05,0.6,55.67771365977856,0.13401681839197063,1
1.0,1.0,0.05,1.5,127.30570482698346,0.08862904447921992,1
1.0,1.0,0.05,3.0,141.34106515295662,0.08411352237670083,1
1.0,1.0,0.05,5.0,140.8085626245137,0.08427242037139221,1
1.0,1.0,0.05,6.63,133.32369823584662,0.08660566963773947,1
1.0,1.0,0.1,0.6,94.35541858710411,0.10294768314379832,1
1.0,1.0,0.1,1.5,149.04584656449538,0.08191059127882667,1
1.0,1.0,0.1,3.0,151.49326889024377,0.0812462512663084,1
1.0,1.0,0.1,5.0,141.8633016151536,0.08395855752919011,1
1.0,1.0,0.1,6.63,137.02861704676585,0.08542684410618831,1
1.0,1.0,0.15,0.6,122.56955590094697,0.09032515047156427,1
1.0,1.0,0.15,1.5,160.70033367515728,0.0788844879361944,1
1.0,1.0,0.15,3.0,156.08541040937828,0.0800421682523109,1
1.0,1.0,0.15,5.0,144.80678292169648,0.08310086557431932,1
1.0,1.0,0.15,6.63,141.3792132527938,0.08410217351055957,1
