s,h,vaf0,delta_t,rho,identifiable
0.1,0.0,0.01,0.6,0.023850273501442438,0
0.1,0.0,0.01,1.5,0.031013734050237354,0
0.1,0.0,0.01,3.0,0.04779677577077317,0
0.1,0.0,0.01,5.0,0.0837985700945951,0
0.1,0.0,0.01,6.63,0.1297896051487585,0
0.1,0.0,0.03,0.6,0.07099297890136327,0
0.1,0.0,0.03,1.5,0.09099588684983538,0
0.1,0.0,0.03,3.0,0.13569273442934873,0
0.1,0.0,0.03,5.0,0.2224344819417168,0
0.1,0.0,0.03,6.63,0.3180960755752936,0
0.1,0.0,0.05,0.6,0.11740628060470118,0
0.1,0.0,0.05,1.5,0.14839760199773366,0
0.1,0.0,0.05,3.0,0.2146324865965302,0
0.1,0.0,0.05,5.0,0.33242786174311934,0
0.1,0.0,0.05,6.63,0.4481311289843621,0
0.1,0.0,0.1,0.6,0.23035737770310963,0
0.1,0.0,0.1,1.5,0.2816494717334375,0
0.1,0.0,0.1,3.0,0.38076690917879347,0
0.1,0.0,0.1,5.0,0.5283958222438626,1
0.1,0.0,0.1,6.63,0.6462750695339464,1
0.1,0.0,0.15,0.6,0.33910215885693945,0
0.1,0.0,0.15,1.5,0.40196173074253966,0
0.1,0.0,0.15,3.0,0.5131724861456038,1
0.1,0.0,0.15,5.0,0.6576191250558008,1
0.1,0.0,0.15,6.63,0.7579920167989617,1
0.1,0.2,0.01,0.6,0.017055054432268277,0
0.1,0.2,0.01,1.5,0.022224028560692086,0
0.1,0.2,0.01,3.0,0.03441949023045908,0
0.1,0.2,0.01,5.0,0.060990555974402096,0
0.1,0.2,0.01,6.63,0.0957724043956875,0
0.1,0.2,0.03,0.6,0.0508792751417488,0
0.1,0.2,0.03,1.5,0.06561523909536106,0
0.1,0.2,0.03,3.0,0.09920580067890852,0
0.1,0.2,0.03,5.0,0.16713351952017952,0
0.1,0.2,0.03,6.63,0.24655325374262332,0
0.1,0.2,0.05,0.6,0.08432760677678006,0
0.1,0.2,0.05,1.5,0.10765229118663353,0
0.1,0.2,0.05,3.0,0.15909872287613214,0
0.1,0.2,0.05,5.0,0.2563647627129086,0
0.1,0.2,0.05,6.63,0.35986517807641794,0
0.1,0.2,0.1,0.6,0.16634447769443417,0
0.1,0.2,0.1,1.5,0.2072208633910357,0
0.1,0.2,0.1,3.0,0.2907468682441026,0
0.1,0.2,0.1,5.0,0.4275731745392747,0
0.1,0.2,0.1,6.63,0.5491508894422762,1
0.1,0.2,0.15,0.6,0.2461443068522083,0
0.1,0.2,0.15,1.5,0.2995832895951465,0
0.1,0.2,0.15,3.0,0.4014846228385872,0
0.1,0.2,0.15,5.0,0.5500114642743246,1
0.1,0.2,0.15,6.63,0.6659039725667159,1
0.1,0.4,0.01,0.6,0.013273329245867696,0
0.1,0.4,0.01,1.5,0.01731634550369181,0
0.1,0.4,0.01,3.0,0.026892781375484766,0
0.1,0.4,0.01,5.0,0.04794189230968992,0
0.1,0.4,0.01,6.63,0.07588367578642026,0
0.1,0.4,0.03,0.6,0.03964661209426221,0
0.1,0.4,0.03,1.5,0.05130516123931101,0
0.1,0.4,0.03,3.0,0.07818290340365633,0
0.1,0.4,0.03,5.0,0.13385492771654883,0
0.1,0.4,0.03,6.63,0.2012828363840993,0
0.1,0.4,0.05,0.6,0.06579123276001923,0
0.1,0.4,0.05,1.5,0.08446175235656016,0
0.1,0.4,0.05,3.0,0.12639533792684413,0
0.1,0.4,0.05,5.0,0.2086283371695564,0
0.1,0.4,0.05,6.63,0.30064814776009147,0
0.1,0.4,0.1,0.6,0.13017169387800998,0
0.1,0.4,0.1,1.5,0.16390687877726548,0
0.1,0.4,0.1,3.0,0.23515262338523762,0
0.1,0.4,0.1,5.0,0.3590611050381404,0
0.1,0.4,0.1,6.63,0.47740501411276387,0
0.1,0.4,0.15,0.6,0.19318627909457728,0
0.1,0.4,0.15,1.5,0.23876943439970366,0
0.1,0.4,0.15,3.0,0.3297230528898041,0
0.1,0.4,0.15,5.0,0.47266779548364507,0
0.1,0.4,0.15,6.63,0.5937674794395102,1
0.1,0.6,0.01,0.6,0.010864315740176449,0
0.1,0.6,0.01,1.5,0.01418410170591333,0
0.1,0.6,0.01,3.0,0.022067215766989813,0
0.1,0.6,0.01,5.0,0.03949261865110441,0
0.1,0.6,0.01,6.63,0.06283495497261772,0
0.1,0.6,0.03,0.6,0.03247670164528454,0
0.1,0.6,0.03,1.5,0.04211932526448378,0
0.1,0.6,0.03,3.0,0.06451203134977536,0
0.1,0.6,0.03,5.0,0.11162820962571306,0
0.1,0.6,0.03,6.63,0.1700579601571897,0
0.1,0.6,0.05,0.6,0.05393547053834111,0
0.1,0.6,0.05,1.5,0.06949178000552841,0
0.1,0.6,0.05,3.0,0.10484419107615714,0
0.1,0.6,0.05,5.0,0.17587880685487878,0
0.1,0.6,0.05,6.63,0.2581660520664176,0
0.1,0.6,0.1,0.6,0.10692097190725815,0
0.1,0.6,0.1,1.5,0.13556966308855858,0
0.1,0.6,0.1,3.0,0.19740621665183689,0
0.1,0.6,0.1,5.0,0.309472814156577,0
0.1,0.6,0.1,6.63,0.4222399004133749,0
0.1,0.6,0.15,0.6,0.15898138282043253,0
0.1,0.6,0.15,1.5,0.19847918787980243,0
0.1,0.6,0.15,3.0,0.27972488220339115,0
0.1,0.6,0.15,5.0,0.4143948022536371,0
0.1,0.6,0.15,6.63,0.5357323097019343,1
0.1,0.8,0.01,0.6,0.009195414367288317,0
0.1,0.8,0.01,1.5,0.012011430332822001,0
0.1,0.8,0.01,3.0,0.018709953878966214,0
0.1,0.8,0.01,5.0,0.033575309853746634,0
0.1,0.8,0.01,6.63,0.05361541500596976,0
0.1,0.8,0.03,0.6,0.027502922521476486,0
0.1,0.8,0.03,1.5,0.03572331212090287,0
0.1,0.8,0.03,3.0,0.05491051282616885,0
0.1,0.8,0.03,5.0,0.09573185785737433,0
0.1,0.8,0.03,6.63,0.14721984137962993,0
0.1,0.8,0.05,0.6,0.045700172904895996,0
0.1,0.8,0.05,1.5,0.05902942477266869,0
0.1,0.8,0.05,3.0,0.0895716919578347,0
0.1,0.8,0.05,5.0,0.15201602118676283,0
0.1,0.8,0.05,6.63,0.22620316002183655,0
0.1,0.8,0.1,0.6,0.09071740884311749,0
0.1,0.8,0.1,1.5,0.1155863871681334,0
0.1,0.8,0.1,3.0,0.17010170280947293,0
0.1,0.8,0.1,5.0,0.27191928273927435,0
0.1,0.8,0.1,6.63,0.3785031023875226,0
0.1,0.8,0.15,0.6,0.13506690284962808,0
0.1,0.8,0.15,1.5,0.16982304026867245,0
0.1,0.8,0.15,3.0,0.24289330277803234,0
0.1,0.8,0.15,5.0,0.3689132231028212,0
0.1,0.8,0.15,6.63,0.48803180469983176,0
0.1,1.0,0.01,0.6,0.0079709689975639,0
0.1,1.0,0.01,1.5,0.010415951156828486,0
0.1,1.0,0.01,3.0,0.016239334189670596,0
0.1,1.0,0.01,5.0,0.029200154738225362,0
0.1,1.0,0.01,6.63,0.04675519813965758,0
0.1,1.0,0.03,0.6,0.023850273501442434,0
0.1,1.0,0.03,1.5,0.031013734050237354,0
0.1,1.0,0.03,3.0,0.04779677577077316,0
0.1,1.0,0.03,5.0,0.08379857009459508,0
0.1,1.0,0.03,6.63,0.1297896051487585,0
0.1,1.0,0.05,0.6,0.039646612094262214,0
0.1,1.0,0.05,1.5,0.051305161239311024,0
0.1,1.0,0.05,3.0,0.07818290340365631,0
0.1,1.0,0.05,5.0,0.13385492771654883,0
0.1,1.0,0.05,6.63,0.20128283638409927,0
0.1,1.0,0.1,0.6,0.07877872208546723,0
0.1,1.0,0.1,1.5,0.10073745739450501,0
0.1,1.0,0.1,3.0,0.14943271077355058,0
0.1,1.0,0.1,5.0,0.24249347845218816,0
0.1,1.0,0.1,6.63,0.3429766183450151,0
0.1,1.0,0.15,0.6,0.11740628060470115,0
0.1,1.0,0.15,1.5,0.14839760199773364,0
0.1,1.0,0.15,3.0,0.21463248659653014,0
0.1,1.0,0.15,5.0,0.3324278617431193,0
0.1,1.0,0.15,6.63,0.44813112898436197,0
0.28,0.0,0.01,0.6,0.032678286450172,0
0.28,0.0,0.01,1.5,0.06711838548907977,0
0.28,0.0,0.01,3.0,0.20232590908179995,0
0.28,0.0,0.01,5.0,0.5764408849420094,1
0.28,0.0,0.01,6.63,0.8425572486167067,1
0.28,0.0,0.03,0.6,0.09556227586630503,0
0.28,0.0,0.03,1.5,0.18369139715652724,0
0.28,0.0,0.03,3.0,0.4423733822134464,0
0.28,0.0,0.03,5.0,0.8097620353506281,1
0.28,0.0,0.03,6.63,0.9436229595104261,1
0.28,0.0,0.05,0.6,0.15535224738154874,0
0.28,0.0,0.05,1.5,0.2814613057869181,0
0.28,0.0,0.05,3.0,0.5800004946055375,1
0.28,0.0,0.05,5.0,0.8810881717184373,1
0.28,0.0,0.05,6.63,0.9668171246955208,1
0.28,0.0,0.1,0.6,0.29270255662580486,0
0.28,0.0,0.1,1.5,0.46846831015170387,0
0.28,0.0,0.1,3.0,0.7565221131231458,1
0.28,0.0,0.1,5.0,0.9434119731340402,1
0.28,0.0,0.1,6.63,0.9849750719117815,1
0.28,0.0,0.15,0.6,0.4150086104331595,0
0.28,0.0,0.15,1.5,0.6017356239094062,1
0.28,0.0,0.15,3.0,0.8419357540767629,1
0.28,0.0,0.15,5.0,0.9661932095079331,1
0.28,0.0,0.15,6.63,0.9911802435290678,1
0.28,0.2,0.01,0.6,0.023428230794154646,0
0.28,0.2,0.01,1.5,0.048609458794797146,0
0.28,0.2,0.01,3.0,0.15263184154979764,0
0.28,0.2,0.01,5.0,0.4914742003069675,0
0.28,0.2,0.01,6.63,0.7916819105676637,1
0.28,0.2,0.03,0.6,0.06900465374417201,0
0.28,0.2,0.03,1.5,0.13633376826572674,0
0.28,0.2,0.03,3.0,0.35753471296565,0
0.28,0.2,0.03,5.0,0.7491191020509914,1
0.28,0.2,0.03,6.63,0.9215155885955224,1
0.28,0.2,0.05,0.6,0.11295067631291114,0
0.28,0.2,0.05,1.5,0.2133332266327226,0
0.28,0.2,0.05,3.0,0.48876455228768295,0
0.28,0.2,0.05,5.0,0.8368603519551744,1
0.28,0.2,0.05,6.63,0.9527657876615883,1
0.28,0.2,0.1,0.6,0.2162322853310126,0
0.28,0.2,0.1,1.5,0.37010661334425343,0
0.28,0.2,0.1,3.0,0.6744190504826417,1
0.28,0.2,0.1,5.0,0.917453530614693,1
0.28,0.2,0.1,6.63,0.9776306567544942,1
0.28,0.2,0.15,0.6,0.3110354374337787,0
0.28,0.2,0.15,1.5,0.49018051668192514,0
0.28,0.2,0.15,3.0,0.7721897062860275,1
0.28,0.2,0.15,5.0,0.9478818701954048,1
0.28,0.2,0.15,6.63,0.9862098829593943,1
0.28,0.4,0.01,0.6,0.018259592401081628,0
0.28,0.4,0.01,1.5,0.03810219322099267,0
0.28,0.4,0.01,3.0,0.12253542957713609,0
0.28,0.4,0.01,5.0,0.428337739061982,0
0.28,0.4,0.01,6.63,0.7466006303137676,1
0.28,0.4,0.03,0.6,0.05399809421543856,0
0.28,0.4,0.03,1.5,0.10838972490286854,0
0.28,0.4,0.03,3.0,0.3000004263843265,0
0.28,0.4,0.03,5.0,0.6969264085630301,1
0.28,0.4,0.03,6.63,0.9004203756990045,1
0.28,0.4,0.05,0.6,0.08873225076509303,0
0.28,0.4,0.05,1.5,0.17175878651434706,0
0.28,0.4,0.05,3.0,0.4223305924390157,0
0.28,0.4,0.05,5.0,0.7968604933619746,1
0.28,0.4,0.05,6.63,0.9391170327885563,1
0.28,0.4,0.1,0.6,0.17144204002749866,0
0.28,0.4,0.1,1.5,0.3058822179501277,0
0.28,0.4,0.1,3.0,0.6083920921370326,1
0.28,0.4,0.1,5.0,0.8928853528014875,1
0.28,0.4,0.1,6.63,0.970394957458793,1
0.28,0.4,0.15,0.6,0.2487223806414029,0
0.28,0.4,0.15,1.5,0.41351873248613386,0
0.28,0.4,0.15,3.0,0.7131151694818292,1
0.28,0.4,0.15,5.0,0.9302516961407111,1
0.28,0.4,0.15,6.63,0.9812891222877501,1
0.28,0.6,0.01,0.6,0.01495932796625158,0
0.28,0.6,0.01,1.5,0.03133000028585741,0
0.28,0.6,0.01,3.0,0.10235312772337672,0
0.28,0.6,0.01,5.0,0.37957609249288127,0
0.28,0.6,0.01,6.63,0.7063769294840688,1
0.28,0.6,0.03,0.6,0.044352648283717024,0
0.28,0.6,0.03,1.5,0.08995237695704893,0
0.28,0.6,0.03,3.0,0.2584162306844456,0
0.28,0.6,0.03,5.0,0.6515327595136848,1
0.28,0.6,0.03,6.63,0.8802693658743059,1
0.28,0.6,0.05,0.6,0.07306578229884458,0
0.28,0.6,0.05,1.5,0.1437456024632055,0
0.28,0.6,0.05,3.0,0.3717953460223847,0
0.28,0.6,0.05,5.0,0.7605099933968176,1
0.28,0.6,0.05,6.63,0.9258538029700119,1
0.28,0.6,0.1,0.6,0.14202338789237606,0
0.28,0.6,0.1,1.5,0.26065150654703184,0
0.28,0.6,0.1,3.0,0.5541406290372465,1
0.28,0.6,0.1,5.0,0.8695986642696035,1
0.28,0.6,0.1,6.63,0.963265577856066,1
0.28,0.6,0.15,0.6,0.20720982047274078,0
0.28,0.6,0.15,1.5,0.3575929771540384,0
0.28,0.6,0.15,3.0,0.6624370022499761,1
0.28,0.6,0.15,5.0,0.9132653732716137,1
0.28,0.6,0.15,6.63,0.9764172227541272,1
0.28,0.8,0.01,0.6,0.012669436227557621,0
0.28,0.8,0.01,1.5,0.026601850783032496,0
0.28,0.8,0.01,3.0,0.08787895062794127,0
0.28,0.8,0.01,5.0,0.3407817535654987,0
0.28,0.8,0.01,6.63,0.6702658267131661,1
0.28,0.8,0.03,0.6,0.037630818071882975,0
0.28,0.8,0.03,1.5,0.07687564787027656,0
0.28,0.8,0.03,3.0,0.22695687796757064,0
0.28,0.8,0.03,5.0,0.6116908488361757,1
0.28,0.8,0.03,6.63,0.8610005542220481,1
0.28,0.8,0.05,0.6,0.06210125339681782,0
0.28,0.8,0.05,1.5,0.12358876060523345,0
0.28,0.8,0.05,3.0,0.3320615190382504,0
0.28,0.8,0.05,5.0,0.727331220301083,1
0.28,0.8,0.05,6.63,0.9129599912759843,1
0.28,0.8,0.1,0.6,0.12122222167875633,0
0.28,0.8,0.1,1.5,0.22707412421842316,0
0.28,0.8,0.1,3.0,0.5087724372685022,1
0.28,0.8,0.1,5.0,0.8474957487373669,1
0.28,0.8,0.1,6.63,0.9562401916816203,1
0.28,0.8,0.15,0.6,0.1775724166649701,0
0.28,0.8,0.15,1.5,0.31499229087963515,0
0.28,0.8,0.15,3.0,0.618483891418929,1
0.28,0.8,0.15,5.0,0.8968882640506657,1
0.28,0.8,0.15,6.63,0.9715934601972056,1
0.28,1.0,0.01,0.6,0.010987526097844555,0
0.28,1.0,0.01,1.5,0.023113664941797358,0
0.28,1.0,0.01,3.0,0.07699129473001087,0
0.28,1.0,0.01,5.0,0.3091819992444113,0
0.28,1.0,0.01,6.63,0.637667270102423,1
0.28,1.0,0.03,0.6,0.032678286450172005,0
0.28,1.0,0.03,1.5,0.06711838548907977,0
0.28,1.0,0.03,3.0,0.20232590908179995,0
0.28,1.0,0.03,5.0,0.5764408849420095,1
0.28,1.0,0.03,6.63,0.8425572486167067,1
0.28,1.0,0.05,0.6,0.05399809421543857,0
0.28,1.0,0.05,1.5,0.10838972490286854,0
0.28,1.0,0.05,3.0,0.30000042638432645,0
0.28,1.0,0.05,5.0,0.69692640856303,1
0.28,1.0,0.05,6.63,0.9004203756990047,1
0.28,1.0,0.1,0.6,0.10573583760254031,0
0.28,1.0,0.1,1.5,0.20116043941693318,0
0.28,1.0,0.1,3.0,0.4702707760758999,0
0.28,1.0,0.1,5.0,0.8264885784322128,1
0.28,1.0,0.1,6.63,0.9493165400439879,1
0.28,1.0,0.15,0.6,0.15535224738154874,0
0.28,1.0,0.15,1.5,0.28146130578691814,0
0.28,1.0,0.15,3.0,0.5800004946055374,1
0.28,1.0,0.15,5.0,0.8810881717184372,1
0.28,1.0,0.15,6.63,0.966817124695521,1
0.46,0.0,0.01,0.6,0.044624547887789266,0
0.46,0.0,0.01,1.5,0.13921559495130978,0
0.46,0.0,0.01,3.0,0.5617284128892628,1
0.46,0.0,0.01,5.0,0.9529422934546826,1
0.46,0.0,0.01,6.63,0.9948190875099415,1
0.46,0.0,0.03,0.6,0.1274678513963028,0
0.46,0.0,0.03,1.5,0.33591872282058266,0
0.46,0.0,0.03,3.0,0.8003470260500082,1
0.46,0.0,0.03,5.0,0.9844567680797496,1
0.46,0.0,0.03,6.63,0.9983376589702508,1
0.46,0.0,0.05,0.6,0.20274515651776648,0
0.46,0.0,0.05,1.5,0.46823668777322136,0
0.46,0.0,0.05,3.0,0.8746567360675761,1
0.46,0.0,0.05,5.0,0.9910114578349642,1
0.46,0.0,0.05,6.63,0.9990443621335334,1
0.46,0.0,0.1,0.6,0.3639422034201705,0
0.46,0.0,0.1,1.5,0.6645652551430585,1
0.46,0.0,0.1,3.0,0.9401222895496759,1
0.46,0.0,0.1,5.0,0.9959850431438774,1
0.46,0.0,0.1,6.63,0.9995750464472891,1
0.46,0.0,0.15,0.6,0.49517568461983835,0
0.46,0.0,0.15,1.5,0.7725387261895107,1
0.46,0.0,0.15,3.0,0.9641776008865821,1
0.46,0.0,0.15,5.0,0.9976540172424465,1
0.46,0.0,0.15,6.63,0.9997520665274978,1
0.46,0.2,0.01,0.6,0.03210516545459645,0
0.46,0.2,0.01,1.5,0.1030203619150166,0
0.46,0.2,0.01,3.0,0.47649072120513464,0
0.46,0.2,0.01,5.0,0.9349838463261009,1
0.46,0.2,0.01,6.63,0.9927198244333961,1
0.46,0.2,0.03,0.6,0.09295468189855124,0
0.46,0.2,0.03,1.5,0.26190700450092025,0
0.46,0.2,0.03,3.0,0.7376750994876407,1
0.46,0.2,0.03,5.0,0.9779882158862213,1
0.46,0.2,0.03,6.63,0.9976319549144028,1
0.46,0.2,0.05,0.6,0.14970083750648217,0
0.46,0.2,0.05,1.5,0.37872832057965566,0
0.46,0.2,0.05,3.0,0.8285024257479415,1
0.46,0.2,0.05,5.0,0.987068211506567,1
0.46,0.2,0.05,6.63,0.9986202202239044,1
0.46,0.2,0.1,0.6,0.27612611824548744,0
0.46,0.2,0.1,1.5,0.5691148139390784,1
0.46,0.2,0.1,3.0,0.9127942739320668,1
0.46,0.2,0.1,5.0,0.9939896304031265,1
0.46,0.2,0.1,6.63,0.9993627050813033,1
0.46,0.2,0.15,0.6,0.38431262345980877,0
0.46,0.2,0.15,1.5,0.6836759782539275,1
0.46,0.2,0.15,3.0,0.9448368451359966,1
0.46,0.2,0.15,5.0,0.9963183910901431,1
0.46,0.2,0.15,6.63,0.9996104454481322,1
0.46,0.4,0.01,0.6,0.025071402775877785,0
0.46,0.4,0.01,1.5,0.08176257498261114,0
0.46,0.4,0.01,3.0,0.4137131368814355,0
0.46,0.4,0.01,5.0,0.9176897427494174,1
0.46,0.4,0.01,6.63,0.9906294024128153,1
0.46,0.4,0.03,0.6,0.07314890049115652,0
0.46,0.4,0.03,1.5,0.2146204761105172,0
0.46,0.4,0.03,3.0,0.6841055694998774,1
0.46,0.4,0.03,5.0,0.9716041143906908,1
0.46,0.4,0.03,6.63,0.9969272478487411,1
0.46,0.4,0.05,0.6,0.11865664006823214,0
0.46,0.4,0.05,1.5,0.3179490213583206,0
0.46,0.4,0.05,3.0,0.7869749503678725,1
0.46,0.4,0.05,5.0,0.9831562212575501,1
0.46,0.4,0.05,6.63,0.9981964382983246,1
0.46,0.4,0.1,0.6,0.22245070081325355,0
0.46,0.4,0.1,1.5,0.4976396321141473,0
0.46,0.4,0.1,3.0,0.8870101524733771,1
0.46,0.4,0.1,5.0,0.9920021971212565,1
0.46,0.4,0.1,6.63,0.9991504539122062,1
0.46,0.4,0.15,0.6,0.31401006578361684,0
0.46,0.4,0.15,1.5,0.6131475104603265,1
0.46,0.4,0.15,3.0,0.9262567560887414,1
0.46,0.4,0.15,5.0,0.9949863363406674,1
0.46,0.4,0.15,6.63,0.9994688644860921,1
0.46,0.6,0.01,0.6,0.020565753143690066,0
0.46,0.6,0.01,1.5,0.0677770802343827,0
0.46,0.6,0.01,3.0,0.3655517465862521,0
0.46,0.6,0.01,5.0,0.9010237877475314,1
0.46,0.6,0.01,6.63,0.9885477657143388,1
0.46,0.6,0.03,0.6,0.06030068143597001,0
0.46,0.6,0.03,1.5,0.18179748288080788,0
0.46,0.6,0.03,3.0,0.6377896610501526,1
0.46,0.6,0.03,5.0,0.965302820489778,1
0.46,0.6,0.03,6.63,0.9962235356619964,1
0.46,0.6,0.05,0.6,0.09827654961228167,0
0.46,0.6,0.05,1.5,0.27398000276651946,0
0.46,0.6,0.05,3.0,0.74941177830475,1
0.46,0.6,0.05,5.0,0.9792751169287186,1
0.46,0.6,0.05,6.63,0.9977730158986916,1
0.46,0.6,0.1,0.6,0.1862467025519715,0
0.46,0.6,0.1,1.5,0.4421144390517289,0
0.46,0.6,0.1,3.0,0.86264268608082,1
0.46,0.6,0.1,5.0,0.9900226955301736,1
0.46,0.6,0.1,6.63,0.9989382928825399,1
0.46,0.6,0.15,0.6,0.2654509510054997,0
0.46,0.6,0.15,1.5,0.5558098022687964,1
0.46,0.6,0.15,3.0,0.9083933239669668,1
0.46,0.6,0.15,5.0,0.993657838688496,1
0.46,0.6,0.15,6.63,0.9993273236243336,1
0.46,0.8,0.01,0.6,0.0174328487281621,0
0.46,0.8,0.01,1.5,0.057877183533249436,0
0.46,0.8,0.01,3.0,0.32743429410831065,0
0.46,0.8,0.01,5.0,0.8849523687596993,1
0.46,0.8,0.01,6.63,0.986474859071586,1
0.46,0.8,0.03,0.6,0.051291584755134643,0
0.46,0.8,0.03,1.5,0.15768232815199051,0
0.46,0.8,0.03,3.0,0.5973475212128868,1
0.46,0.8,0.03,5.0,0.959082733430527,1
0.46,0.8,0.03,6.63,0.9955208162488555,1
0.46,0.8,0.05,0.6,0.08387111183158932,0
0.46,0.8,0.05,1.5,0.24069447812927555,0
0.46,0.8,0.05,3.0,0.7152711087483249,1
0.46,0.8,0.05,5.0,0.9754245341828524,1
0.46,0.8,0.05,6.63,0.9973499525676807,1
0.46,0.8,0.1,0.6,0.1601776795669377,0
0.46,0.8,0.1,1.5,0.3977361842048225,0
0.46,0.8,0.1,3.0,0.8395782436074399,1
0.46,0.8,0.1,5.0,0.9880510782423008,1
0.46,0.8,0.1,6.63,0.9987262219348956,1
0.46,0.8,0.15,0.6,0.2298989408267371,0
0.46,0.8,0.15,1.5,0.5082787615151182,1
0.46,0.8,0.15,3.0,0.8912058697792601,1
0.46,0.8,0.15,5.0,0.992332883904405,1
0.46,0.8,0.15,6.63,0.9991858228458221,1
0.46,1.0,0.01,0.6,0.015128268875095843,0
0.46,1.0,0.01,1.5,0.050500761832294704,0
0.46,1.0,0.01,3.0,0.29651550918675645,0
0.46,1.0,0.01,5.0,0.8694442293668003,1
0.46,1.0,0.01,6.63,0.9844106276807628,1
0.46,1.0,0.03,0.6,0.044624547887789266,0
0.46,1.0,0.03,1.5,0.13921559495130978,0
0.46,1.0,0.03,3.0,0.5617284128892628,1
0.46,1.0,0.03,5.0,0.9529422934546826,1
0.46,1.0,0.03,6.63,0.9948190875099416,1
0.46,1.0,0.05,0.6,0.07314890049115653,0
0.46,1.0,0.05,1.5,0.21462047611051724,0
0.46,1.0,0.05,3.0,0.6841055694998776,1
0.46,1.0,0.05,5.0,0.9716041143906909,1
0.46,1.0,0.05,6.63,0.9969272478487411,1
0.46,1.0,0.1,0.6,0.1405103864365846,0
0.46,1.0,0.1,1.5,0.36145436956331545,0
0.46,1.0,0.1,3.0,0.8177150300492572,1
0.46,1.0,0.1,5.0,0.9860872982467987,1
0.46,1.0,0.1,6.63,0.9985142410119129,1
0.46,1.0,0.15,0.6,0.20274515651776645,0
0.46,1.0,0.15,1.5,0.4682366877732212,0
0.46,1.0,0.15,3.0,0.874656736067576,1
0.46,1.0,0.15,5.0,0.9910114578349644,1
0.46,1.0,0.15,6.63,0.9990443621335334,1
0.64,0.0,0.01,0.6,0.060664142640496764,0
0.64,0.0,0.01,1.5,0.2666237666272791,0
0.64,0.0,0.01,3.0,0.8662475132758481,1
0.64,0.0,0.01,5.0,0.9966922693045602,1
0.64,0.0,0.01,6.63,0.9998548764103272,1
0.64,0.0,0.03,0.6,0.1680465712980037,0
0.64,0.0,0.03,1.5,0.5320720762739314,1
0.64,0.0,0.03,3.0,0.9529550714700756,1
0.64,0.0,0.03,5.0,0.9989400411665128,1
0.64,0.0,0.03,6.63,0.9999535953594869,1
0.64,0.0,0.05,0.6,0.26014316689417627,0
0.64,0.0,0.05,1.5,0.6643578612138924,1
0.64,0.0,0.05,3.0,0.9724221048416476,1
0.64,0.0,0.05,5.0,0.9993908127069531,1
0.64,0.0,0.05,6.63,0.999973341488608,1
0.64,0.0,0.1,0.6,0.4416928911416159,0
0.64,0.0,0.1,1.5,0.8166338173605329,1
0.64,0.0,0.1,3.0,0.9875524481067939,1
0.64,0.0,0.1,5.0,0.9997291584290662,1
0.64,0.0,0.1,6.63,0.9999881515972364,1
0.64,0.0,0.15,0.6,0.5755915895851527,1
0.64,0.0,0.15,1.5,0.8841880631411931,1
0.64,0.0,0.15,3.0,0.9927010723201884,1
0.64,0.0,0.15,5.0,0.9998419912522313,1
0.64,0.0,0.15,6.63,0.9999930883975998,1
0.64,0.2,0.01,0.6,0.0438514079820365,0
0.64,0.2,0.01,1.5,0.20519981942088955,0
0.64,0.2,0.01,3.0,0.8214046888897726,1
0.64,0.2,0.01,5.0,0.995348455166677,1
0.64,0.2,0.01,6.63,0.999795654396325,1
0.64,0.2,0.03,0.6,0.12410912082751718,0
0.64,0.2,0.03,1.5,0.44371943253623386,0
0.64,0.2,0.03,3.0,0.9342521666158753,1
0.64,0.2,0.03,5.0,0.9984896760804246,1
0.64,0.2,0.03,6.63,0.9999338500101904,1
0.64,0.2,0.05,0.6,0.19576928200400545,0
0.64,0.2,0.05,1.5,0.5781175845289367,1
0.64,0.2,0.05,3.0,0.9606475987253056,1
0.64,0.2,0.05,5.0,0.9991203009773616,1
0.64,0.2,0.05,6.63,0.9999614937175537,1
0.64,0.2,0.1,0.6,0.3453009137270594,0
0.64,0.2,0.1,1.5,0.7480502573080121,1
0.64,0.2,0.1,3.0,0.9814441595536302,1
0.64,0.2,0.1,5.0,0.9995937926525171,1
0.64,0.2,0.1,6.63,0.9999822275011424,1
0.64,0.2,0.15,0.6,0.46324567038528003,0
0.64,0.2,0.15,1.5,0.829306040941135,1
0.64,0.2,0.15,3.0,0.9885778959952003,1
0.64,0.2,0.15,5.0,0.999751722956332,1
0.64,0.2,0.15,6.63,0.9999891389534094,1
0.64,0.4,0.01,0.6,0.034335509658501594,0
0.64,0.4,0.01,1.5,0.16677802178793869,0
0.64,0.4,0.01,3.0,0.7809760895608536,1
0.64,0.4,0.01,5.0,0.99400825980865,1
0.64,0.4,0.01,6.63,0.9997364393974194,1
0.64,0.4,0.03,0.6,0.09838530304256178,0
0.64,0.4,0.03,1.5,0.38053080758648594,0
0.64,0.4,0.03,3.0,0.9162692654224456,1
0.64,0.4,0.03,5.0,0.998039716899195,1
0.64,0.4,0.03,6.63,0.9999141054406725,1
0.64,0.4,0.05,0.6,0.15693486897250786,0
0.64,0.4,0.05,1.5,0.5116945307950453,1
0.64,0.4,0.05,3.0,0.9491548228907796,1
0.64,0.4,0.05,5.0,0.998849935650545,1
0.64,0.4,0.05,6.63,0.9999496462272429,1
0.64,0.4,0.1,0.6,0.2834440583828178,0
0.64,0.4,0.1,1.5,0.6900939281018261,1
0.64,0.4,0.1,3.0,0.975410969447395,1
0.64,0.4,0.1,5.0,0.9994584635287209,1
0.64,0.4,0.1,6.63,0.9999763034752388,1
0.64,0.4,0.15,0.6,0.3875937979547294,0
0.64,0.4,0.15,1.5,0.7808389528504369,1
0.64,0.4,0.15,3.0,0.9844888291594828,1
0.64,0.4,0.15,5.0,0.999661470958267,1
0.64,0.4,0.15,6.63,0.9999851895404156,1
0.64,0.6,0.01,0.6,0.028213161700254678,0
0.64,0.6,0.01,1.5,0.14047530087075544,0
0.64,0.6,0.01,3.0,0.7443405014002006,1
0.64,0.6,0.01,5.0,0.9926716686325245,1
0.64,0.6,0.01,6.63,0.9996772314123639,1
0.64,0.6,0.03,0.6,0.08149418663236943,0
0.64,0.6,0.03,1.5,0.33309573898319755,0
0.64,0.6,0.03,3.0,0.8989655762140916,1
0.64,0.6,0.03,5.0,0.9975901630743208,1
0.64,0.6,0.03,6.63,0.9998943616508867,1
0.64,0.6,0.05,0.6,0.13095713013169352,0
0.64,0.6,0.05,1.5,0.458961915818365,0
0.64,0.6,0.05,3.0,0.9379337853768486,1
0.64,0.6,0.05,5.0,0.9985797166076842,1
0.64,0.6,0.05,6.63,0.9999377990176659,1
0.64,0.6,0.1,0.6,0.24038222965347245,0
0.64,0.6,0.1,1.5,0.6404723598051816,1
0.64,0.6,0.1,3.0,0.9694515013012039,1
0.64,0.6,0.1,5.0,0.9993231710427924,1
0.64,0.6,0.1,6.63,0.9999703795195242,1
0.64,0.6,0.15,0.6,0.3331823482299258,0
0.64,0.6,0.15,1.5,0.7377241785873049,1
0.64,0.6,0.15,3.0,0.9804334502940777,1
0.64,0.6,0.15,5.0,0.9995712352536233,1
0.64,0.6,0.15,6.63,0.9999812401586176,1
0.64,0.8,0.01,0.6,0.023943761314117136,0
0.64,0.8,0.01,1.5,0.1213388371157773,0
0.64,0.8,0.01,3.0,0.7109880520606985,1
0.64,0.8,0.01,5.0,0.991338667118756,1
0.64,0.8,0.01,6.63,0.9996180304399125,1
0.64,0.8,0.03,0.6,0.06955308194074203,0
0.64,0.8,0.03,1.5,0.2961759280608787,0
0.64,0.8,0.03,3.0,0.8823033315950095,1
0.64,0.8,0.03,5.0,0.9971410140582858,1
0.64,0.8,0.03,6.63,0.9998746186407871,1
0.64,0.8,0.05,0.6,0.11235824749274687,0
0.64,0.8,0.05,1.5,0.4160825784634645,0
0.64,0.8,0.05,3.0,0.9269749612068386,1
0.64,0.8,0.05,5.0,0.9983096437300881,1
0.64,0.8,0.05,6.63,0.9999259520888125,1
0.64,0.8,0.1,0.6,0.20867897770150973,0
0.64,0.8,0.1,1.5,0.5975082160243329,1
0.64,0.8,0.1,3.0,0.963564412063578,1
0.64,0.8,0.1,5.0,0.9991879151798553,1
0.64,0.8,0.1,6.63,0.9999644556339974,1
0.64,0.8,0.15,0.6,0.2921671460686867,0
0.64,0.8,0.15,1.5,0.6991215114937656,1
0.64,0.8,0.15,3.0,0.9764113447969418,1
0.64,0.8,0.15,5.0,0.9994810158379888,1
0.64,0.8,0.15,6.63,0.9999772908080151,1
0.64,1.0,0.01,0.6,0.02079667262301595,0
0.64,1.0,0.01,1.5,0.10679106074113466,0
0.64,1.0,0.01,3.0,0.6804963355486858,1
0.64,1.0,0.01,5.0,0.9900092408256865,1
0.64,1.0,0.01,6.63,0.9995588364788192,1
0.64,1.0,0.03,0.6,0.06066414264049677,0
0.64,1.0,0.03,1.5,0.2666237666272791,0
0.64,1.0,0.03,3.0,0.8662475132758481,1
0.64,1.0,0.03,5.0,0.9966922693045602,1
0.64,1.0,0.03,6.63,0.9998548764103271,1
0.64,1.0,0.05,0.6,0.09838530304256181,0
0.64,1.0,0.05,1.5,0.38053080758648594,0
0.64,1.0,0.05,3.0,0.9162692654224457,1
0.64,1.0,0.05,5.0,0.998039716899195,1
0.64,1.0,0.05,6.63,0.9999141054406725,1
0.64,1.0,0.1,0.6,0.18436381700968388,0
0.64,1.0,0.1,1.5,0.5599459424717667,1
0.64,1.0,0.1,3.0,0.9577483911093725,1
0.64,1.0,0.1,5.0,0.999052695925041,1
0.64,1.0,0.1,6.63,0.9999585318186569,1
0.64,1.0,0.15,0.6,0.26014316689417627,0
0.64,1.0,0.15,1.5,0.6643578612138924,1
0.64,1.0,0.15,3.0,0.9724221048416476,1
0.64,1.0,0.15,5.0,0.9993908127069532,1
0.64,1.0,0.15,6.63,0.999973341488608,1
0.82,0.0,0.01,0.6,0.08197424764207974,0
0.82,0.0,0.01,1.5,0.4497154897295241,0
0.82,0.0,0.01,3.0,0.9703495683237426,1
0.82,0.0,0.01,5.0,0.9997770142550413,1
0.82,0.0,0.01,6.63,0.9999959548169176,1
0.82,0.0,0.03,0.6,0.21831117040082496,0
0.82,0.0,0.03,1.5,0.7187894270398943,1
0.82,0.0,0.03,3.0,0.9903247772663555,1
0.82,0.0,0.03,5.0,0.9999286944215932,1
0.82,0.0,0.03,6.63,0.9999987066385846,1
0.82,0.0,0.05,0.6,0.32712337967395805,0
0.82,0.0,0.05,1.5,0.8164944829405193,1
0.82,0.0,0.05,3.0,0.9944189153499982,1
0.82,0.0,0.05,5.0,0.9999590359779521,1
0.82,0.0,0.05,6.63,0.9999992570047355,1
0.82,0.0,0.1,0.6,0.5224113828456407,1
0.82,0.0,0.1,1.5,0.9091834737471316,1
0.82,0.0,0.1,3.0,0.997511803023359,1
0.82,0.0,0.1,5.0,0.9999817933536357,1
0.82,0.0,0.1,6.63,0.9999996697797461,1
0.82,0.0,0.15,0.6,0.6521951180780176,1
0.82,0.0,0.15,1.5,0.9449402188264844,1
0.82,0.0,0.15,3.0,0.9985470454147901,1
0.82,0.0,0.15,5.0,0.9999893793757183,1
0.82,0.0,0.15,6.63,0.9999998073714921,1
0.82,0.2,0.01,0.6,0.05963045460162871,0
0.82,0.2,0.01,1.5,0.3672328227758661,0
0.82,0.2,0.01,3.0,0.9587466088056869,1
0.82,0.2,0.01,5.0,0.9996860282412728,1
0.82,0.2,0.01,6.63,0.999994303731187,1
0.82,0.2,0.03,0.6,0.16381935701689798,0
0.82,0.2,0.03,1.5,0.6419688226029951,1
0.82,0.2,0.03,3.0,0.9862642130385383,1
0.82,0.2,0.03,5.0,0.9998983547064737,1
0.82,0.2,0.03,6.63,0.9999981562730398,1
0.82,0.2,0.05,0.6,0.2518161728579235,0
0.82,0.2,0.05,1.5,0.7549243565455475,1
0.82,0.2,0.05,3.0,0.9919583803765935,1
0.82,0.2,0.05,5.0,0.9999408308231786,1
0.82,0.2,0.05,6.63,0.9999989267849723,1
0.82,0.2,0.1,0.6,0.421709543891639,0
0.82,0.2,0.1,1.5,0.8696922588196271,1
0.82,0.2,0.1,3.0,0.9962723421085861,1
0.82,0.2,0.1,5.0,0.9999726902790628,1
0.82,0.2,0.1,6.63,0.9999995046697009,1
0.82,0.2,0.15,0.6,0.544064639410529,1
0.82,0.2,0.15,1.5,0.9161166849949259,1
0.82,0.2,0.15,3.0,0.9977186797402313,1
0.82,0.2,0.15,5.0,0.9999833105488445,1
0.82,0.2,0.15,6.63,0.9999996972980922,1
0.82,0.4,0.01,0.6,0.04685825788656979,0
0.82,0.4,0.01,1.5,0.3103172881482155,0
0.82,0.4,0.01,3.0,0.9474178553531188,1
0.82,0.4,0.01,5.0,0.9995950587865998,1
0.82,0.4,0.01,6.63,0.9999926526509084,1
0.82,0.4,0.03,0.6,0.13109679032282112,0
0.82,0.4,0.03,1.5,0.5799831373666409,1
0.82,0.4,0.03,3.0,0.9822368113708677,1
0.82,0.4,0.03,5.0,0.9998680168324264,1
0.82,0.4,0.03,6.63,0.9999976059081004,1
0.82,0.4,0.05,0.6,0.2046935801781905,0
0.82,0.4,0.05,1.5,0.701988857771342,1
0.82,0.4,0.05,3.0,0.9895099917712447,1
0.82,0.4,0.05,5.0,0.9999226263312753,1
0.82,0.4,0.05,6.63,0.9999985965654271,1
0.82,0.4,0.1,0.6,0.3535567185484523,0
0.82,0.4,0.1,1.5,0.8334889065811317,1
0.82,0.4,0.1,3.0,0.9950359575621036,1
0.82,0.4,0.1,5.0,0.9999635873702232,1
0.82,0.4,0.1,6.63,0.9999993395597102,1
0.82,0.4,0.15,0.6,0.46668993291987476,0
0.82,0.4,0.15,1.5,0.8889995118699993,1
0.82,0.4,0.15,3.0,0.9968916873027623,1
0.82,0.4,0.15,5.0,0.9999772417956322,1
0.82,0.4,0.15,6.63,0.9999995872247168,1
0.82,0.6,0.01,0.6,0.03859222236758749,0
0.82,0.6,0.01,1.5,0.26867649418810674,0
0.82,0.6,0.01,3.0,0.9363537012498022,1
0.82,0.6,0.01,5.0,0.9995041058865021,1
0.82,0.6,0.01,6.63,0.9999910015760824,1
0.82,0.6,0.03,0.6,0.10927028438596902,0
0.82,0.6,0.03,1.5,0.5289135699516307,1
0.82,0.6,0.03,3.0,0.9782421676584339,1
0.82,0.6,0.03,5.0,0.9998376807992838,1
0.82,0.6,0.03,6.63,0.999997055543767,1
0.82,0.6,0.05,0.6,0.17242713194574102,0
0.82,0.6,0.05,1.5,0.655990619245982,1
0.82,0.6,0.05,3.0,0.9870736598150451,1
0.82,0.6,0.05,5.0,0.9999044225022066,1
0.82,0.6,0.05,6.63,0.9999982663461003,1
0.82,0.6,0.1,0.6,0.30436761809605156,0
0.82,0.6,0.1,1.5,0.8001792270733689,1
0.82,0.6,0.1,3.0,0.993802637944691,1
0.82,0.6,0.1,5.0,0.9999544846271126,1
0.82,0.6,0.1,6.63,0.9999991744497742,1
0.82,0.6,0.15,0.6,0.4085828999165921,0
0.82,0.6,0.15,1.5,0.8634415301840929,1
0.82,0.6,0.15,3.0,0.9960660646904519,1
0.82,0.6,0.15,5.0,0.9999711731160804,1
0.82,0.6,0.15,6.63,0.9999994771513655,1
0.82,0.8,0.01,0.6,0.032805215203613375,0
0.82,0.8,0.01,1.5,0.23688889474048871,0
0.82,0.8,0.01,3.0,0.9255449833566891,1
0.82,0.8,0.01,5.0,0.9994131695364606,1
0.82,0.8,0.01,6.63,0.9999893505067083,1
0.82,0.8,0.03,0.6,0.09367430542654342,0
0.82,0.8,0.03,1.5,0.4861098754064904,0
0.82,0.8,0.03,3.0,0.9742798838515921,1
0.82,0.8,0.03,5.0,0.9998073466068779,1
0.82,0.8,0.03,6.63,0.9999965051800394,1
0.82,0.8,0.05,0.6,0.14894801960720136,0
0.82,0.8,0.05,1.5,0.6156497990314765,1
0.82,0.8,0.05,3.0,0.9846492956705283,1
0.82,0.8,0.05,5.0,0.9998862193359356,1
0.82,0.8,0.05,6.63,0.9999979361269914,1
0.82,0.8,0.1,0.6,0.2671938756643445,0
0.82,0.8,0.1,1.5,0.7694296226896696,1
0.82,0.8,0.1,3.0,0.9925723718737713,1
0.82,0.8,0.1,5.0,0.9999453820497264,1
0.82,0.8,0.1,6.63,0.9999990093398927,1
0.82,0.8,0.15,0.6,0.3633434233348874,0
0.82,0.8,0.15,1.5,0.8393120216832181,1
0.82,0.8,0.15,3.0,0.9952418085026609,1
0.82,0.8,0.15,5.0,0.9999651045101874,1
0.82,0.8,0.15,6.63,0.9999993670780385,1
0.82,1.0,0.01,0.6,0.028527447937194066,0
0.82,1.0,0.01,1.5,0.21182723359994335,0
0.82,1.0,0.01,3.0,0.9149829568021084,1
0.82,1.0,0.01,5.0,0.9993222497319589,1
0.82,1.0,0.01,6.63,0.9999876994427864,1
0.82,1.0,0.03,0.6,0.08197424764207974,0
0.82,1.0,0.03,1.5,0.4497154897295241,0
0.82,1.0,0.03,3.0,0.9703495683237425,1
0.82,1.0,0.03,5.0,0.9997770142550412,1
0.82,1.0,0.03,6.63,0.9999959548169177,1
0.82,1.0,0.05,0.6,0.13109679032282112,0
0.82,1.0,0.05,1.5,0.5799831373666409,1
0.82,1.0,0.05,3.0,0.9822368113708678,1
0.82,1.0,0.05,5.0,0.9998680168324264,1
0.82,1.0,0.05,6.63,0.9999976059081003,1
0.82,1.0,0.1,0.6,0.23811219636808645,0
0.82,1.0,0.1,1.5,0.7409558766802573,1
0.82,1.0,0.1,3.0,0.9913451480230618,1
0.82,1.0,0.1,5.0,0.9999362796380602,1
0.82,1.0,0.1,6.63,0.9999988442300656,1
0.82,1.0,0.15,0.6,0.32712337967395805,0
0.82,1.0,0.15,1.5,0.8164944829405192,1
0.82,1.0,0.15,3.0,0.9944189153499982,1
0.82,1.0,0.15,5.0,0.9999590359779522,1
0.82,1.0,0.15,6.63,0.9999992570047355,1
1.0,0.0,0.01,0.6,0.10989439066478605,0
1.0,0.0,0.01,1.5,0.6475254557362883,1
1.0,0.0,0.01,3.0,0.9939892669855555,1
1.0,0.0,0.01,5.0,0.9999850110109686,1
1.0,0.0,0.01,6.63,0.9999998872598038,1
1.0,0.0,0.03,0.6,0.2785761629665739,0
1.0,0.0,0.03,1.5,0.8517590494663082,1
1.0,0.0,0.03,3.0,0.998070310636494,1
1.0,0.0,0.03,5.0,0.9999952075532798,1
1.0,0.0,0.03,6.63,0.9999999639538121,1
1.0,0.0,0.05,0.6,0.40197934727163587,0
1.0,0.0,0.05,1.5,0.9091066375909783,1
1.0,0.0,0.05,3.0,0.9988905440229229,1
1.0,0.0,0.05,5.0,0.9999972468866951,1
1.0,0.0,0.05,6.63,0.9999999792926151,1
1.0,0.0,0.1,0.6,0.6019760878016369,1
1.0,0.0,0.1,1.5,0.9574545623263683,1
1.0,0.0,0.1,3.0,0.9995066043430987,1
1.0,0.0,0.1,5.0,0.9999987763922152,1
1.0,0.0,0.1,6.63,0.99999998,1
1.0,0.0,0.15,0.6,0.7216582753045744,1
1.0,0.0,0.15,1.5,0.9747339296820609,1
1.0,0.0,0.15,3.0,0.9997121266853729,1
1.0,0.0,0.15,5.0,0.9999992862284283,1
1.0,0.0,0.15,6.63,0.99999998,1
1.0,0.2,0.01,0.6,0.08060860602018909,0
1.0,0.2,0.01,1.5,0.5660844876543589,1
1.0,0.2,0.01,3.0,0.9915566212227496,1
1.0,0.2,0.01,5.0,0.9999788931853922,1
1.0,0.2,0.01,6.63,0.9999998412434045,1
1.0,0.2,0.03,0.6,0.21314348579248976,0
1.0,0.2,0.03,1.5,0.8012172588149358,1
1.0,0.2,0.03,3.0,0.9972514232049622,1
1.0,0.2,0.03,5.0,0.9999931682281822,1
1.0,0.2,0.03,6.63,0.9999999486150094,1
1.0,0.2,0.05,0.6,0.317572672970165,0
1.0,0.2,0.05,1.5,0.8738073965379954,1
1.0,0.2,0.05,3.0,0.9983982422907394,1
1.0,0.2,0.05,5.0,0.9999960232856477,1
1.0,0.2,0.05,6.63,0.9999999700893331,1
1.0,0.2,0.1,0.6,0.5020601210350583,1
1.0,0.2,0.1,1.5,0.9375111512005004,1
1.0,0.2,0.1,3.0,0.9992600890490728,1
1.0,0.2,0.1,5.0,0.9999981645894456,1
1.0,0.2,0.1,6.63,0.9999999828571428,1
1.0,0.2,0.15,0.6,0.6226278177917196,1
1.0,0.2,0.15,1.5,0.9608612508648415,1
1.0,0.2,0.15,3.0,0.9995477020510203,1
1.0,0.2,0.15,5.0,0.9999988783594164,1
1.0,0.2,0.15,6.63,0.9999999828571428,1
1.0,0.4,0.01,0.6,0.06364723726805996,0
1.0,0.4,0.01,1.5,0.5028408769963315,1
1.0,0.4,0.01,3.0,0.9891358534913909,1
1.0,0.4,0.01,5.0,0.9999727754346724,1
1.0,0.4,0.01,6.63,0.9999997952270094,1
1.0,0.4,0.03,0.6,0.17260223431791574,0
1.0,0.4,0.03,1.5,0.7563375987716077,1
1.0,0.4,0.03,3.0,0.9964338784180937,1
1.0,0.4,0.03,5.0,0.9999911289114024,1
1.0,0.4,0.03,6.63,0.9999999332762072,1
1.0,0.4,0.05,0.6,0.26246160483596037,0
1.0,0.4,0.05,1.5,0.8411469285953742,1
1.0,0.4,0.05,3.0,0.99790642557988,1
1.0,0.4,0.05,5.0,0.9999947996875947,1
1.0,0.4,0.05,6.63,0.9999999608860515,1
1.0,0.4,0.1,0.6,0.43059069487233753,0
1.0,0.4,0.1,1.5,0.9183816145825376,1
1.0,0.4,0.1,3.0,0.9990136953246405,1
1.0,0.4,0.1,5.0,0.9999975527874246,1
1.0,0.4,0.1,6.63,0.9999999815934356,1
1.0,0.4,0.15,0.6,0.547496875705469,1
1.0,0.4,0.15,1.5,0.9473779103666482,1
1.0,0.4,0.15,3.0,0.999383331494264,1
1.0,0.4,0.15,5.0,0.9999984704907369,1
1.0,0.4,0.15,6.63,0.9999999844444444,1
1.0,0.6,0.01,0.6,0.05258292917659062,0
1.0,0.6,0.01,1.5,0.45230845562030164,0
1.0,0.6,0.01,3.0,0.9867268770069447,1
1.0,0.6,0.01,5.0,0.9999666577588073,1
1.0,0.6,0.01,6.63,0.9999997492106188,1
1.0,0.6,0.03,0.6,0.1450187436359776,0
1.0,0.6,0.03,1.5,0.7162190573205152,1
1.0,0.6,0.03,3.0,0.9956176729765008,1
1.0,0.6,0.03,5.0,0.9999890896029402,1
1.0,0.6,0.03,6.63,0.9999999179374057,1
1.0,0.6,0.05,0.6,0.22364977112444742,0
1.0,0.6,0.05,1.5,0.8108400050155024,1
1.0,0.6,0.05,3.0,0.9974150931739243,1
1.0,0.6,0.05,5.0,0.9999935760925364,1
1.0,0.6,0.05,6.63,0.99999995168277,1
1.0,0.6,0.1,0.6,0.37693335494296004,0
1.0,0.6,0.1,1.5,0.9000171283662101,1
1.0,0.6,0.1,3.0,0.9987674230798955,1
1.0,0.6,0.1,5.0,0.9999969409861524,1
1.0,0.6,0.1,6.63,0.9999999769917945,1
1.0,0.6,0.15,0.6,0.4885453319538369,0
1.0,0.6,0.15,1.5,0.9342677447648969,1
1.0,0.6,0.15,3.0,0.9992190149884305,1
1.0,0.6,0.15,5.0,0.9999980626223902,1
1.0,0.6,0.15,6.63,0.9999999854281366,1
1.0,0.8,0.01,0.6,0.04479572940763946,0
1.0,0.8,0.01,1.5,0.41100497831380073,0
1.0,0.8,0.01,3.0,0.9843296058282541,1
1.0,0.8,0.01,5.0,0.9999605401577959,1
1.0,0.8,0.01,6.63,0.9999997031942321,1
1.0,0.8,0.03,0.6,0.12503668365746376,0
1.0,0.8,0.03,1.5,0.6801421630785532,1
1.0,0.8,0.03,3.0,0.9948028035915976,1
1.0,0.8,0.03,5.0,0.9999870503027956,1
1.0,0.8,0.03,6.63,0.9999999025986046,1
1.0,0.8,0.05,0.6,0.1948378792817745,0
1.0,0.8,0.05,1.5,0.7826410751396773,1
1.0,0.8,0.05,3.0,0.9969242443578634,1
1.0,0.8,0.05,5.0,0.9999923525004722,1
1.0,0.8,0.05,6.63,0.9999999424794885,1
1.0,0.8,0.1,0.6,0.3351670705115185,0
1.0,0.8,0.1,1.5,0.8823726971438706,1
1.0,0.8,0.1,3.0,0.99852127222502,1
1.0,0.8,0.1,5.0,0.9999963291856289,1
1.0,0.8,0.1,6.63,0.9999999723901537,1
1.0,0.8,0.15,0.6,0.4410548932169124,0
1.0,0.8,0.15,1.5,0.9215154731264458,1
1.0,0.8,0.15,3.0,0.999054752506863,1
1.0,0.8,0.15,5.0,0.9999976547543764,1
1.0,0.8,0.15,6.63,0.9999999823603758,1
1.0,1.0,0.01,0.6,0.03901748609780916,0
1.0,1.0,0.01,1.5,0.37661372141288557,0
1.0,1.0,0.01,3.0,0.9819439548473207,1
1.0,1.0,0.01,5.0,0.9999544226316365,1
1.0,1.0,0.01,6.63,0.9999996571778498,1
1.0,1.0,0.03,0.6,0.10989439066478605,0
1.0,1.0,0.03,1.5,0.6475254557362883,1
1.0,1.0,0.03,3.0,0.9939892669855555,1
1.0,1.0,0.03,5.0,0.9999850110109687,1
1.0,1.0,0.03,6.63,0.9999998872598038,1
1.0,1.0,0.05,0.6,0.17260223431791574,0
1.0,1.0,0.05,1.5,0.7563375987716077,1
1.0,1.0,0.05,3.0,0.9964338784180936,1
1.0,1.0,0.05,5.0,0.9999911289114024,1
1.0,1.0,0.05,6.63,0.9999999332762073,1
1.0,1.0,0.1,0.6,0.3017333584119495,0
1.0,1.0,0.1,1.5,0.8654067861230299,1
1.0,1.0,0.1,3.0,0.9982752426702848,1
1.0,1.0,0.1,5.0,0.9999957173858539,1
1.0,1.0,0.1,6.63,0.9999999677885129,1
1.0,1.0,0.15,0.6,0.40197934727163576,0
1.0,1.0,0.15,1.5,0.9091066375909783,1
1.0,1.0,0.15,3.0,0.9988905440229227,1
1.0,1.0,0.15,5.0,0.9999972468866951,1
1.0,1.0,0.15,6.63,0.999999979292615,1
