scenario,axis,s_true,h_true,s_inf,h_inf,s_err,h_err,s_lo,s_hi,h_lo,h_hi,s_in_ci,h_in_ci,h_ci_width,h_overlap_010,h_mass_015,h_entropy,rho,fisher_h,cr_bound_h,elapsed_s,status
delta_t=0.60y (worst),delta_t,0.1,0.0,0.01,0.0,-0.09000000000000001,0.0,0.01,0.2793095516590257,0.03593496688393316,0.9480031760289986,1,0,0.9120682091450655,0.25192916147938893,0.1441257717671552,0.9999537063316802,0.11740628060470118,114.8234674467247,0.09332213613771105,0.6373730830000002,ok
delta_t=0.60y (worst),delta_t,0.1,0.3,0.01,0.0,-0.09000000000000001,-0.3,0.01,0.15017267879836144,0.03610325010079653,0.9481235705716852,1,1,0.9120203204708887,0.4310072388994259,0.2941007999847759,0.9999613017231705,0.09071740884311749,68.10930932968309,0.12117046146399514,0.6544412500000001,ok
delta_t=0.60y (worst),delta_t,0.1,0.6,0.06067796610169492,0.0,-0.03932203389830508,-0.6,0.01,0.19790381527125497,0.03607620378394261,0.9480990035283077,1,1,0.9120227997443651,0.42579249231852495,0.2885143647161222,0.9999599671997724,0.07391500257616236,45.03187358494092,0.14901843282321303,0.6584823750000002,ok
delta_t=0.60y (worst),delta_t,0.1,1.0,0.06067796610169492,1.0,-0.03932203389830508,0.0,0.01,0.2452689098930253,0.03616202649544942,0.9481565705655787,1,0,0.9119945440701293,0.24119627454240392,0.13622264358083594,0.9999635283566424,0.0592763518655701,28.858886435049158,0.18614878907861046,0.6532910839999997,ok
delta_t=0.60y (worst),delta_t,0.3,0.0,0.4661016949152543,0.9620253164556962,0.16610169491525434,0.9620253164556962,0.29589032413101807,0.5968978293750593,0.035729406485258894,0.947855380151697,1,0,0.9121259736664381,0.25260792044413793,0.14463966498484576,0.9999434690725828,0.1601349163222714,137.89409212708327,0.08515833666048896,0.6588580829999997,ok
delta_t=0.60y (worst),delta_t,0.3,0.3,0.26338983050847464,0.0,-0.036610169491525346,-0.3,0.03138633719314629,0.40565395542149235,0.03573269295136816,0.9478600135017923,1,1,0.9121273205504241,0.4317059249391224,0.29471084556622174,0.9999437237853847,0.12510979904187006,82.34791638759805,0.11019799493665051,0.6396642090000002,ok
delta_t=0.60y (worst),delta_t,0.3,0.6,0.4154237288135594,1.0,0.11542372881355939,0.4,0.1908882518077659,0.6016886653278283,0.035932255693815494,0.947996725673442,1,1,0.9120644699796264,0.42556045872320386,0.28830758348470803,0.9999534296099255,0.10265650620584683,54.68043377238895,0.13523341786267853,0.6440019999999995,ok
delta_t=0.60y (worst),delta_t,0.3,1.0,0.01,0.0,-0.29,-1.0,0.01,0.0889912817646011,0.03609647169669707,0.9481228966664279,0,0,0.9120264249697309,0.24107540336167738,0.13613896814051735,0.9999611351970537,0.08283482785078959,35.174695628571875,0.1686105814089758,0.6623974170000002,ok
delta_t=0.60y (worst),delta_t,0.6,0.0,0.668813559322034,1.0,0.06881355932203403,1.0,0.5008481946392219,0.7819427663705262,0.038746821368262054,0.9497696706711484,1,0,0.9110228493028864,0.24326007572595218,0.1375317371726938,0.9999948130419024,0.24652645878665227,184.7119566695091,0.07357876525990659,0.6713393329999997,ok
delta_t=0.60y (worst),delta_t,0.6,0.3,1.276949152542373,0.0,0.6769491525423731,-0.3,1.0506650601949414,1.365181076089185,0.03348032897460001,0.946210676027923,0,1,0.912730347053323,0.43588604666374325,0.2983512990133175,0.9997612484173316,0.19703865452609012,112.14001460451132,0.09443211046251367,0.649538916,ok
delta_t=0.60y (worst),delta_t,0.6,0.6,0.4154237288135594,0.3291139240506329,-0.1845762711864406,-0.2708860759493671,0.19515274863534382,0.5633875335886747,0.034606317592476905,0.9470726500266328,0,1,0.9124663324341559,0.42337591540751546,0.286360120714091,0.9998705642526996,0.16409763922982248,75.27482156080666,0.11525907573835698,0.6519072920000006,ok
delta_t=0.60y (worst),delta_t,0.6,1.0,0.7701694915254238,1.0,0.17016949152542382,0.0,0.49259982489027054,1.011958313792178,0.0366409351765035,0.9484651848241169,1,0,0.9118242496476134,0.24227841959990237,0.13698237518561232,0.9999800508142621,0.13418649127289464,48.89764554763262,0.1430065817574197,0.645718875,ok
delta_t=0.60y (worst),delta_t,1.0,0.0,1.0742372881355933,0.1518987341772152,0.07423728813559327,0.1518987341772152,0.8971093601267196,1.1293850628807234,0.03057441847456611,0.9439269685173503,1,0,0.9133525500427842,0.2702883475107625,0.15866636387766905,0.9993129238552904,0.40197934727163587,275.9151710520419,0.06020217886165274,0.6428078750000008,ok
delta_t=0.60y (worst),delta_t,1.0,0.3,0.8715254237288137,0.7215189873417721,-0.1284745762711863,0.4215189873417721,0.7664159182478553,0.9954989380044842,0.03397692740669159,0.9463394968290864,0,1,0.9123625694223948,0.4357225466603787,0.2982357181159602,0.9997962871443943,0.3351670705115185,174.21668293698607,0.07576264526365556,0.6829540830000003,ok
delta_t=0.60y (worst),delta_t,1.0,0.6,1.2262711864406781,0.0,0.22627118644067812,-0.6,0.9889580973659718,1.2425383122864408,0.02572168896795651,0.9386908256940604,1,1,0.9129691367261039,0.40491407674411484,0.2702635172379641,0.9977341713126292,0.28739899205631014,120.2417473225722,0.09119527990687094,0.6487522919999993,ok
delta_t=0.60y (worst),delta_t,1.0,1.0,1.4289830508474577,0.12658227848101267,0.4289830508474577,-0.8734177215189873,1.1828580402843154,1.5026245331682755,0.027797832743441657,0.939979339015233,0,0,0.9121815062717914,0.21649195287506787,0.1188487424534471,0.9983437858166153,0.24150629157585723,80.209754333987,0.11165711617270586,0.649660291,ok
delta_t=3.0y (mid),delta_t,0.1,0.0,0.16203389830508477,0.0,0.06203389830508477,0.0,0.06863537057196444,0.15833342802531217,0.026666158408692714,0.9400237777220026,1,0,0.9133576193133099,0.2877702433468903,0.17235351501689494,0.9980403097234487,0.2146324865965302,167.26664971366114,0.07732061877019487,0.6632462910000001,ok
delta_t=3.0y (mid),delta_t,0.1,0.3,0.01,0.0,-0.09000000000000001,-0.3,0.01,0.03184330860937738,0.03628404910863748,0.9482496886406734,0,1,0.9119656395320359,0.43067005755262083,0.29380640342808145,0.9999686164685051,0.17010170280947295,100.88976762246898,0.09955806316983884,0.6404200830000004,ok
delta_t=3.0y (mid),delta_t,0.1,0.6,0.06067796610169492,1.0,-0.03932203389830508,0.4,0.012171571289100208,0.059450336905079094,0.03883371170164437,0.9499398294518958,0,1,0.9111061177502514,0.43011365435005006,0.29236678271532957,0.9999914079978576,0.14087394172123113,67.42956265961757,0.12177968000646971,0.6561259169999989,ok
delta_t=3.0y (mid),delta_t,0.1,1.0,0.11135593220338984,1.0,0.011355932203389832,0.0,0.06326280722098866,0.11014535554427034,0.048977137819753956,0.9552460647908648,1,0,0.9062689269711108,0.2684856070784022,0.15611155308836208,0.9989432049712454,0.1146154986379124,43.628820047482975,0.15139560444567662,0.6632260409999997,ok
delta_t=3.0y (mid),delta_t,0.3,0.0,0.31406779661016954,0.0,0.014067796610169547,0.0,0.2155761639241554,0.2976783994121324,0.00793713089456632,0.7259606958085787,0,0,0.7180235649140124,0.35689797107186666,0.22963747684483568,0.94561498969369,0.6231113438085356,438.4738375656624,0.04775602350651051,0.6531174580000005,ok
delta_t=3.0y (mid),delta_t,0.3,0.3,0.26338983050847464,0.7088607594936709,-0.036610169491525346,0.4088607594936709,0.2157780589697358,0.2996154022272459,0.03055365624000683,0.9515179652964503,0,1,0.9209643090564434,0.3208682485818616,0.19324586141616862,0.9916679245843038,0.5535669729584412,301.0474948390074,0.057634494871615614,0.6414154580000009,ok
delta_t=3.0y (mid),delta_t,0.3,0.6,0.36474576271186443,0.0,0.06474576271186444,-0.6,0.26802235878604047,0.36146285472323064,0.02997921104646743,0.9444957823153262,1,1,0.9145165712688588,0.4121367740546465,0.27626023286929324,0.9991740711360438,0.4979874605931108,222.7375683556919,0.06700439079590219,0.6439191250000018,ok
delta_t=3.0y (mid),delta_t,0.3,1.0,0.31406779661016954,0.4050632911392405,0.014067796610169547,-0.5949367088607596,0.2653767805513165,0.34894752240279625,0.02742045913923892,0.7234999658356083,1,0,0.6960795066963693,0.05477267098396817,0.01827450813249742,0.9431851151283001,0.43919272577795726,160.4538395713277,0.07894505706657433,0.6479575410000002,ok
delta_t=3.0y (mid),delta_t,0.6,0.0,0.5674576271186441,0.3037974683544304,-0.03254237288135586,0.3037974683544304,0.4718945030338352,0.6080787619211381,0.02728859105232328,0.9463414277167546,1,0,0.9190528366644313,0.28519823563357766,0.1705681550802094,0.9976643756322735,0.9609385877864436,949.6564982215249,0.03245015143274092,0.638605541999997,ok
delta_t=3.0y (mid),delta_t,0.6,0.3,0.7194915254237289,0.11392405063291139,0.11949152542372887,-0.1860759493670886,0.5929269273353256,0.8044645276928464,0.02354383718207067,0.2203079836172422,1,0,0.1967641464351715,0.2562461523403285,0.2829852862008638,0.6715057040611412,0.9485875315890964,857.4428273947021,0.03415052732626853,0.6487959580000009,ok
delta_t=3.0y (mid),delta_t,0.6,0.6,0.5674576271186441,0.7088607594936709,-0.03254237288135586,0.10886075949367091,0.49765852957893186,0.5925677990246925,0.5583468526530087,0.889472829973566,0,1,0.3311259773205574,0.505996641219079,0.7447580457236661,0.7408083173411204,0.9365499454674516,908.3708725854112,0.033179390211078484,0.6542042919999993,ok
delta_t=3.0y (mid),delta_t,0.6,1.0,0.5674576271186441,0.9240506329113924,-0.03254237288135586,-0.07594936708860756,0.5006700092339218,0.564991759038086,0.7972449929715455,0.9909061687904648,0,0,0.19366117581891928,0.9042471701576924,0.7984663197803432,0.6567421884931959,0.9209671675989607,1743.7781813869792,0.02394718009474629,0.6488204169999996,ok
delta_t=3.0y (mid),delta_t,1.0,0.0,0.9728813559322035,0.0759493670886076,-0.027118644067796516,0.0759493670886076,0.8330685918592647,1.0633286517842981,0.012806741236061323,0.14639130132213748,1,0,0.13358456008607617,0.7478648565694953,0.9105338811937697,0.5842804311113581,0.9988905440229229,1267.5414489197144,0.028087877030780774,0.6451386670000012,ok
delta_t=3.0y (mid),delta_t,1.0,0.3,1.1249152542372882,0.31645569620253167,0.12491525423728822,0.016455696202531678,1.0028588534504506,1.2146276736068655,0.2318904799973466,0.3749114739550652,0,1,0.14302099395771858,0.613515964897235,0.9989551860640642,0.6038578085390401,0.9985212722250199,1272.0947341699618,0.028037563653553574,0.6479603750000003,ok
delta_t=3.0y (mid),delta_t,1.0,0.6,0.8715254237288137,0.6582278481012658,-0.1284745762711863,0.0582278481012658,0.773153380714077,0.9200236425188816,0.485436148133532,0.8691924329399933,0,1,0.3837562848064613,0.7636494414876819,0.7261203927696666,0.8268345950012943,0.9981522733524535,1608.1721217489358,0.02493639883125809,0.639340666999999,ok
delta_t=3.0y (mid),delta_t,1.0,1.0,1.0235593220338985,0.9873417721518987,0.023559322033898544,-0.012658227848101333,0.9282310375407045,1.0412532655320048,0.9551566397450575,0.9975042420540045,1,0,0.04234760230894696,0.35131574391655557,0.9999999999565115,0.3021863454007974,0.9976606988835103,56102.56442999165,0.004221906814905057,0.6483413330000012,ok
delta_t=6.63y (best),delta_t,0.1,0.0,0.11135593220338984,0.05063291139240506,0.011355932203389832,0.05063291139240506,0.06321028802156176,0.10882227783114376,0.023239914666093757,0.9095258885214146,1,0,0.8862859738553208,0.3236140634016842,0.1964720001686088,0.9896891585595717,0.4481311289843621,305.869902886002,0.05717835114110921,0.6688318749999986,ok
delta_t=6.63y (best),delta_t,0.1,0.3,0.11135593220338984,0.0,0.011355932203389832,-0.3,0.06321186390406516,0.10882203387184644,0.0,0.15566172144291934,1,0,0.15566172144291934,0.13500957795449153,0.06683140767538366,0.5772361677317833,0.3785031023875225,195.9244212666377,0.07144234704775616,0.6497238329999995,ok
delta_t=6.63y (best),delta_t,0.1,0.6,0.11135593220338984,0.34177215189873417,0.011355932203389832,-0.2582278481012658,0.06321186466219236,0.10882203875500493,0.05026431698370001,0.9288477757055953,1,1,0.8785834587218952,0.44411150435646096,0.30536192791592054,0.9969553814947183,0.327602169403651,136.70533544039895,0.08552779341957119,0.6429787919999974,ok
delta_t=6.63y (best),delta_t,0.1,1.0,0.11135593220338984,0.0379746835443038,0.011355932203389832,-0.9620253164556962,0.06321186437971427,0.10882203389703862,0.0034219389224722195,0.497740713526976,1,0,0.4943187746045038,0.013197429452945967,0.0022124493302593954,0.8502549966759059,0.2777923159160988,92.20247437041131,0.10414267098068179,0.6502006250000001,ok
delta_t=6.63y (best),delta_t,0.3,0.0,0.6181355932203391,0.0,0.3181355932203391,0.0,0.237333828964478,0.776081721642797,0.0,0.07436506079160556,1,1,0.07436506079160556,0.4341418477192493,0.9607632730933474,0.3770950832392089,0.9774624137153556,1022.6267607070101,0.031270975067586956,0.6585886250000001,ok
delta_t=6.63y (best),delta_t,0.3,0.3,0.26338983050847464,0.5316455696202531,-0.036610169491525346,0.23164556962025312,0.21895799996113746,0.6486697487742755,0.13143104537845293,0.606848198555649,1,1,0.475417153177196,0.6599754973387721,0.6886141054596743,0.8460448433578026,0.9701739539823582,951.8339009795528,0.03241301391117572,0.6572509589999989,ok
delta_t=6.63y (best),delta_t,0.3,0.6,0.31406779661016954,0.5443037974683544,0.014067796610169547,-0.05569620253164553,0.26587874531210887,0.3116165265277673,0.4614896273495049,0.6010407375630246,1,1,0.13955111021351968,0.522011755007656,0.9722760329697323,0.5988121364285053,0.9629933827452472,1059.9280809155114,0.030715797865062237,0.6531122919999994,ok
delta_t=6.63y (best),delta_t,0.3,1.0,0.26338983050847464,1.0,-0.036610169491525346,0.0,0.2153657846027428,0.2631363481300788,0.9460933669422128,0.9988870228846981,0,0,0.05279365594248531,0.35546480946003356,0.9991553701094994,0.2819945934613527,0.953583014310257,2974.0206803295746,0.01833698830214956,0.6494115830000027,ok
delta_t=6.63y (best),delta_t,0.6,0.0,0.7194915254237289,0.0,0.11949152542372887,0.0,0.5887528594780852,0.9937733337314331,0.0,0.060984210917910994,1,1,0.060984210917910994,0.5222768148934689,0.9994356350796626,0.4003329755940884,0.9999409327830163,1397.0890710098015,0.02675395254135186,0.6433252920000001,ok
delta_t=6.63y (best),delta_t,0.6,0.3,1.378305084745763,0.34177215189873417,0.778305084745763,0.04177215189873418,0.4655050072402103,2.8666974545359944,0.2955663059590903,0.37908735594789794,1,1,0.08352104998880766,0.39279380314092444,0.9974915170941819,0.4837483501384067,0.9999212452612962,1442.459886259659,0.02632983440374874,0.6529139169999993,ok
delta_t=6.63y (best),delta_t,0.6,0.6,0.5674576271186441,0.6582278481012658,-0.03254237288135586,0.0582278481012658,0.429531445245845,0.844645090525316,0.5160645717032829,0.9126334994427368,1,1,0.39656892773945385,0.7458376471793567,0.7513003849868833,0.7925480834394483,0.9999015585148037,1877.3295327097126,0.023079677920808873,0.6565589580000015,ok
delta_t=6.63y (best),delta_t,0.6,1.0,0.6181355932203391,0.9873417721518987,0.018135593220339086,-0.012658227848101333,0.552735807652932,0.6475122100606501,0.9665275741530919,0.998376384967889,1,0,0.03184881081479718,0.2604267250259159,1.0,0.23068780275502163,0.9998753107253106,1020984.1269087897,0.0009896702261693853,0.6574356670000014,ok
delta_t=6.63y (best),delta_t,1.0,0.0,1.0742372881355933,0.0,0.07423728813559327,0.0,0.9226437375161587,1.228742569961026,0.0,0.04752678274039297,1,1,0.04752678274039297,0.45314854663043114,0.9999959344303483,0.3633500916833017,0.9999999792926151,1514.6944554734891,0.02569434091921421,0.6457139170000019,ok
delta_t=6.63y (best),delta_t,1.0,0.3,1.1249152542372882,0.2911392405063291,0.12491525423728822,-0.008860759493670878,0.9849430486397033,2.5981271801193495,0.21623466385589846,0.3235188916249462,1,1,0.10728422776904772,0.4930052255135945,0.9999748669876096,0.5384373686097983,0.9999999723901536,1640.0976523543843,0.024692504780467143,0.641628708999999,ok
delta_t=6.63y (best),delta_t,1.0,0.6,1.885084745762712,0.5949367088607594,0.885084745762712,-0.005063291139240533,0.6774227547386278,2.877958779949202,0.5497097420814483,0.6199075969085003,1,1,0.07019785482705199,0.36610979904396607,0.999999977305361,0.44113734042297226,0.9999999654876923,2283.5431144907316,0.020926441906532953,0.6515236669999993,ok
delta_t=6.63y (best),delta_t,1.0,1.0,0.9728813559322035,1.0,-0.027118644067796516,0.0,0.8862855961614385,1.0707992529258403,0.9878426468523174,0.9993601393080167,1,0,0.01151749245569933,0.07198693943831151,1.0,0.013764453619580484,0.9999999562844107,3776721.132720808,0.0005145677227979488,0.6519303749999956,ok
n_tps=2 (worst),n_tps,0.1,0.0,0.2127118644067797,0.9113924050632911,0.11271186440677969,0.9113924050632911,0.08722560150448985,0.287641436661185,0.03536126564633765,0.9476052418680257,1,0,0.9122439762216881,0.25381029161816876,0.1455574887379869,0.9999231704337921,0.1304229200293939,61.196120856926846,0.12783154948704314,0.35374412500000574,ok
n_tps=2 (worst),n_tps,0.1,0.3,0.06067796610169492,1.0,-0.03932203389830508,0.7,0.01,0.1454680772841765,0.03602435829693097,0.9480642558403104,1,1,0.9120398975433794,0.4311666829947706,0.29424038807341163,0.9999577364730018,0.10111408869807391,36.38440108747215,0.16578391248715404,0.34767079099999876,ok
n_tps=2 (worst),n_tps,0.1,0.6,0.01,0.0,-0.09000000000000001,-0.6,0.01,0.04547527816158714,0.03626685135252388,0.9482427746254244,0,1,0.9119759232729006,0.4261001137371005,0.28878840306615333,0.9999680907700926,0.08256088468180055,24.092033185448358,0.20373388819861793,0.33869245900000067,ok
n_tps=2 (worst),n_tps,0.1,1.0,0.06067796610169492,0.0,-0.03932203389830508,-1.0,0.01,0.14304491790342388,0.03647705549497432,0.9483714060545322,1,0,0.9118943505595578,0.2419442370180684,0.1367491146064916,0.9999752522831408,0.06633258836535354,15.45959719800477,0.2543319452334182,0.3442709999999991,ok
n_tps=2 (worst),n_tps,0.3,0.0,0.31406779661016954,0.4810126582278481,0.014067796610169547,0.4810126582278481,0.20441662171724306,0.3687556622707918,0.03397353101755199,0.9466302560653963,1,0,0.9126567250478443,0.2583124088336227,0.14912140437527047,0.9998160164561715,0.21463248659653017,86.42456207980808,0.10756758197922833,0.34028041699999534,ok
n_tps=2 (worst),n_tps,0.3,0.3,0.26338983050847464,0.6329113924050633,-0.036610169491525346,0.33291139240506334,0.15876112317965502,0.32418695443540463,0.034054721265810724,0.9466880765462665,1,1,0.9126333552804557,0.4346830436625722,0.2973001515747177,0.9998236297748204,0.17010170280947295,52.349771463910976,0.13821099863766328,0.3419705000000022,ok
n_tps=2 (worst),n_tps,0.3,0.6,0.31406779661016954,0.25316455696202533,0.014067796610169547,-0.34683544303797464,0.19454639979170854,0.3614979848527,0.03372686440458737,0.9464539817880242,1,1,0.9127271173834368,0.42187704088210215,0.28502360612110195,0.9997918357611849,0.1408739417212311,35.08691940038051,0.16882135449004348,0.3443770410000013,ok
n_tps=2 (worst),n_tps,0.3,1.0,0.01,1.0,-0.29,0.0,0.01,0.10234963087309323,0.03580864658908559,0.9479232153200763,0,0,0.9121145687309907,0.24038602322400895,0.1356538475266934,0.9999479176910665,0.11461549863791239,22.760547100058652,0.20960838482932231,0.33523275000000297,ok
n_tps=2 (worst),n_tps,0.6,0.0,0.6181355932203391,0.5189873417721519,0.018135593220339086,0.5189873417721519,0.5236119411495584,0.7016482952966525,0.02792009297891744,0.9420165284119856,1,0,0.9140964354330682,0.2799440338233861,0.16658852022239767,0.9987197508791239,0.40197934727163587,152.08994950007866,0.0810867216465028,0.3393796669999958,ok
n_tps=2 (worst),n_tps,0.6,0.3,0.4661016949152543,0.37974683544303794,-0.13389830508474565,0.07974683544303796,0.3662538114805132,0.5159297928869742,0.030452499824280374,0.9440227613386015,0,1,0.9135702615143212,0.4407380293609426,0.30257772394674026,0.9993124444119982,0.3351670705115185,97.98010232628903,0.10102551095878742,0.3387147080000048,ok
n_tps=2 (worst),n_tps,0.6,0.6,0.5167796610169493,0.26582278481012656,-0.0832203389830507,-0.3341772151898734,0.3962808973544998,0.5636073743964265,0.028655362202316945,0.9426194003718467,0,1,0.9139640381695298,0.41238247843680953,0.27655547020890536,0.9989135340017797,0.28739899205631014,68.59308594699202,0.12074240694691588,0.33504479200000503,ok
n_tps=2 (worst),n_tps,0.6,1.0,0.668813559322034,0.8987341772151899,0.06881355932203403,-0.10126582278481011,0.5937971058534871,0.7695536184969771,0.028046123199588945,0.9421338384428724,1,0,0.9140877152432834,0.22206494189301992,0.1228762836114666,0.9987548176151267,0.24150629157585723,46.37926013730799,0.14683787532863443,0.3446201670000022,ok
n_tps=2 (worst),n_tps,1.0,0.0,0.8208474576271187,0.8481012658227848,-0.17915254237288125,0.8481012658227848,0.7639564018033451,1.0453252339794405,0.01829811186854132,0.9331875903106961,1,0,0.9148894784421547,0.3230040026698967,0.20284569673562053,0.9941092702101433,0.6905678577030155,290.00564695065145,0.05872145023506097,0.3458005419999992,ok
n_tps=2 (worst),n_tps,1.0,0.3,1.0235593220338985,0.02531645569620253,0.023559322033898544,-0.27468354430379743,0.7155020403584597,1.0449704039662397,0.014820164401869028,0.9294074932006401,1,1,0.914587328798771,0.4546207300584255,0.316905483040179,0.9912199076432322,0.6259997135554304,218.54654693076276,0.06764380447225295,0.3491286670000022,ok
n_tps=2 (worst),n_tps,1.0,0.6,1.4289830508474577,0.06329113924050633,0.4289830508474577,-0.5367088607594936,0.8993831635821967,2.5130260877391555,0.0,0.8828935308622416,1,1,0.8828935308622416,0.27341343156012193,0.1651640969036962,0.9183828903635262,0.5724734088339787,175.3081246847391,0.07552643367629348,0.36187779100000483,ok
n_tps=2 (worst),n_tps,1.0,1.0,1.7837288135593223,0.06329113924050633,0.7837288135593223,-0.9367088607594937,0.8787520298204291,2.8456622238402334,0.0019853564166295596,0.8216654810663421,1,0,0.8196801246497125,0.0862998489558057,0.039596422629756343,0.8672665193062866,0.5138866830116855,138.72064152632146,0.08490425502697989,0.35147716699999876,ok
n_tps=4 (mid),n_tps,0.1,0.0,0.06067796610169492,1.0,-0.03932203389830508,1.0,0.010713747271474955,0.06439356636893076,0.03721184960508712,0.948937912311053,0,0,0.9117260627059658,0.2477165701829589,0.14096666234749278,0.9999946648235503,0.2146324865965302,167.26664971366114,0.07732061877019487,0.6996919169999956,ok
n_tps=4 (mid),n_tps,0.1,0.3,0.11135593220338984,0.0,0.011355932203389832,-0.3,0.023724407699116833,0.10828371264814347,0.030855339127789476,0.9430581524190874,1,1,0.9122028132912979,0.44364552100001087,0.3053094524512512,0.9992342040821937,0.17010170280947295,100.88976762246898,0.09955806316983884,0.6604267080000028,ok
n_tps=4 (mid),n_tps,0.1,0.6,0.11135593220338984,0.0,0.011355932203389832,-0.6,0.06256333090643725,0.10881603851311952,0.03334586023169623,0.9439435486014203,1,1,0.910597688369724,0.42079005307057105,0.28407654976823704,0.9995559638077061,0.14087394172123113,67.42956265961757,0.12177968000646971,0.6617272500000055,ok
n_tps=4 (mid),n_tps,0.1,1.0,0.11135593220338984,0.0,0.011355932203389832,-1.0,0.017933912862822057,0.10763342625076192,0.024741890202220257,0.9382813293347965,1,0,0.9135394391325762,0.2114145377662238,0.11553372464725808,0.9973382234194006,0.1146154986379124,43.628820047482975,0.15139560444567662,0.6592562909999984,ok
n_tps=4 (mid),n_tps,0.3,0.0,0.26338983050847464,0.46835443037974683,-0.036610169491525346,0.46835443037974683,0.1830171466047279,0.30181623485859677,0.02998552692801506,0.9434706184850322,1,0,0.9134850915570172,0.2722233840083573,0.1602893136744187,0.999208396458727,0.6231113438085356,438.4738375656624,0.04775602350651051,0.6693612500000015,ok
n_tps=4 (mid),n_tps,0.3,0.3,0.4154237288135594,0.0,0.11542372881355939,-0.3,0.31753435446575,0.40628191947466086,0.00745126516459705,0.845584403498253,0,1,0.838133138333656,0.4016513483045911,0.26415067052057173,0.9709084660731073,0.5535669729584412,301.0474948390074,0.057634494871615614,0.6578245840000037,ok
n_tps=4 (mid),n_tps,0.3,0.6,0.31406779661016954,0.0,0.014067796610169547,-0.6,0.11388673693189175,0.40940893037703185,0.03568619544122846,0.9478275837766168,1,1,0.9121413883353884,0.42516244335659675,0.2879527963705133,0.9999413076947723,0.4979874605931108,222.7375683556919,0.06700439079590219,0.6575981249999998,ok
n_tps=4 (mid),n_tps,0.3,1.0,0.31406779661016954,0.620253164556962,0.014067796610169547,-0.379746835443038,0.266426960550488,0.35456105834198987,0.03088509467416002,0.9359825175807046,1,0,0.9050974229065446,0.22561238751731538,0.11916191679425672,0.9979295149282773,0.43919272577795726,160.4538395713277,0.07894505706657433,0.6563199169999976,ok
n_tps=4 (mid),n_tps,0.6,0.0,0.5167796610169493,0.05063291139240506,-0.0832203389830507,0.05063291139240506,0.3716441998631092,0.5130167967126068,0.010823957306430404,0.8040197035343466,0,0,0.7931957462279162,0.40347162211369536,0.2742351646675411,0.9546878795694153,0.9609385877864436,949.6564982215249,0.03245015143274092,0.6580267499999977,ok
n_tps=4 (mid),n_tps,0.6,0.3,0.4661016949152543,0.43037974683544306,-0.13389830508474565,0.13037974683544307,0.3388397107247895,0.5690217156502648,0.23557260319158072,0.9347744488569376,0,1,0.6992018456653569,0.5699062491707594,0.5178325168904628,0.8975456375077993,0.9485875315890964,857.4428273947021,0.03415052732626853,0.6576129999999978,ok
n_tps=4 (mid),n_tps,0.6,0.6,0.668813559322034,0.5443037974683544,0.06881355932203403,-0.05569620253164553,0.5687591159423545,0.6883262843491667,0.4566469814835947,0.7097084955689809,1,1,0.25306151408538613,0.8599986626994894,0.9297657239821885,0.7409078375744375,0.9365499454674516,908.3708725854112,0.033179390211078484,0.6510514169999979,ok
n_tps=4 (mid),n_tps,0.6,1.0,0.7701694915254238,0.8481012658227848,0.17016949152542382,-0.15189873417721522,0.6418949059134903,0.805688949644309,0.8096136420260228,0.9352135051111662,0,0,0.12559986308514337,0.47254686635476334,0.5675349213254564,0.5635546996986658,0.9209671675989607,1743.7781813869792,0.02394718009474629,0.6816656670000043,ok
n_tps=4 (mid),n_tps,1.0,0.0,0.8715254237288137,0.02531645569620253,-0.1284745762711863,0.02531645569620253,0.7190009537057882,2.870595112559388,0.0,0.06958531294070816,1,1,0.06958531294070816,0.5505907319074996,0.9922577911798257,0.4369263574930104,0.9988905440229229,1267.5414489197144,0.028087877030780774,0.6752856250000008,ok
n_tps=4 (mid),n_tps,1.0,0.3,1.0742372881355933,0.3291139240506329,0.07423728813559327,0.0291139240506329,0.9337810135924508,1.1240424336932315,0.2542325805391657,0.3958084773358444,1,1,0.1415758967966787,0.5889992638001832,0.9956811121489876,0.6024774751517165,0.9985212722250199,1272.0947341699618,0.028037563653553574,0.653444707999995,ok
n_tps=4 (mid),n_tps,1.0,0.6,0.9728813559322035,0.5822784810126582,-0.027118644067796516,-0.017721518987341756,0.8967204827503559,1.0555636367208872,0.5132257081922321,0.6186318971432527,1,1,0.10540618895102061,0.486397974089549,0.9998454413579313,0.5340063755843227,0.9981522733524535,1608.1721217489358,0.02493639883125809,0.6571740410000046,ok
n_tps=4 (mid),n_tps,1.0,1.0,1.1249152542372882,0.9873417721518987,0.12491525423728822,-0.012658227848101333,1.0277528002743466,1.1213729006284425,0.9564317231422496,0.9969279090868276,0,0,0.040496185944578045,0.336550864500433,0.9999999996614334,0.28954116457207807,0.9976606988835103,56102.56442999165,0.004221906814905057,0.6558408329999992,ok
n_tps=9 (best),n_tps,0.1,0.0,0.11135593220338984,0.0,0.011355932203389832,0.0,0.06321180037578988,0.10882203052825298,0.0,0.059929601510773325,1,1,0.059929601510773325,0.4985113926925815,0.9977222981773454,0.38067686070214346,0.5505208649761886,816.5259671309091,0.03499572536286679,1.4263394589999976,ok
n_tps=9 (best),n_tps,0.1,0.3,0.11135593220338984,0.0,0.011355932203389832,-0.3,0.06321186440677967,0.10882203389830508,0.0,0.11209903504862455,1,0,0.11209903504862455,0.08072692278838874,0.01891235485583724,0.5225337375302324,0.47878608053014504,534.6963813926244,0.043246043169823646,1.4453707920000056,ok
n_tps=9 (best),n_tps,0.1,0.6,0.11135593220338984,0.25316455696202533,0.011355932203389832,-0.34683544303797464,0.06321186440677967,0.10882203389830508,0.0808159655942375,0.4999576076693112,1,0,0.4191416420750737,0.16526175717929034,0.09112921004205041,0.8458135129922861,0.42359073386758583,379.7360320010883,0.05131674435632768,1.4553900419999977,ok
n_tps=9 (best),n_tps,0.1,1.0,0.11135593220338984,0.4050632911392405,0.011355932203389832,-0.5949367088607596,0.06321186440688607,0.10882203390032685,0.24931385531522618,0.5877195652923952,1,0,0.338405709977169,0.00880038470671175,0.0001220139095375516,0.8008615977193749,0.3671555681146765,261.0025139508112,0.06189814795839551,1.4761256250000017,ok
n_tps=9 (best),n_tps,0.3,0.0,0.31406779661016954,0.0,0.014067796610169547,0.0,0.2659083132579074,0.3115427358702279,0.0,0.04001500421215663,1,1,0.04001500421215663,0.41030401413466255,0.999999674700275,0.34158747452752103,0.9933255750034434,2630.0921766293563,0.019499097698538328,1.4477974590000002,ok
n_tps=9 (best),n_tps,0.3,0.3,0.31406779661016954,0.26582278481012656,0.014067796610169547,-0.03417721518987343,0.21818672651647072,0.3093507251902646,0.22322536630637052,0.4149682355969662,1,1,0.1917428692905957,0.5813901346563352,0.9907997103380233,0.625358771896241,0.9911205218083242,2511.052796574968,0.01995593487285286,1.4376516250000009,ok
n_tps=9 (best),n_tps,0.3,0.6,0.31406779661016954,0.5443037974683544,0.014067796610169547,-0.05569620253164553,0.2220862056535161,0.3105952689392793,0.5154501653273981,0.6288046245992523,1,1,0.11335445927185428,0.4931685966414528,0.9999997873292905,0.5210363625584525,0.9889252367900055,2915.1915928765306,0.01852108601092715,1.4361658750000004,ok
n_tps=9 (best),n_tps,0.3,1.0,0.31406779661016954,0.8734177215189873,0.014067796610169547,-0.12658227848101267,0.26592372881340726,0.3115338983050768,0.8162919512424325,0.9109536437684556,1,0,0.09466169252602308,0.41905326631468703,0.6482447868986719,0.5097278927135791,0.9860132731840255,14844.838197935303,0.008207525974605119,1.447241708,ok
n_tps=9 (best),n_tps,0.6,0.0,0.5167796610169493,0.0,-0.0832203389830507,0.0,0.4169485282102206,0.5512570665194563,0.0,0.018392614077006035,0,1,0.018392614077006035,0.26763741699518856,0.99999999999702,0.19874163633408082,0.9999949835118419,3441.6991971722055,0.017045649134583094,1.454944625000003,ok
n_tps=9 (best),n_tps,0.6,0.3,0.4661016949152543,0.2911392405063291,-0.13389830508474565,-0.008860759493670878,0.36612297299168733,0.4945063421922424,0.26481126607340766,0.32279003804582745,0,1,0.057978771972419796,0.3195288656247021,0.9999999999992317,0.3953203931133991,0.999993311360307,3588.208882414249,0.016694028151731058,1.4384802920000013,ok
n_tps=9 (best),n_tps,0.6,0.6,0.6181355932203391,0.5949367088607594,0.018135593220339086,-0.005063291139240533,0.5235163104993744,0.6144815374268244,0.5699689418577645,0.6191931650585,1,1,0.049224223200735495,0.28340052743435473,1.0,0.36355595754352094,0.9999916392143643,4764.606847373058,0.014487267016574407,1.4765418750000023,ok
n_tps=9 (best),n_tps,0.6,1.0,0.6181355932203391,1.0,0.018135593220339086,0.0,0.570148558313105,0.6254202050744174,0.9879746834466001,0.9993670886024526,1,0,0.011392405155852492,0.050499039085272215,1.0,3.6393393587860833e-08,0.9999894096951396,14120535.938807162,0.0002661180973640239,1.456021416999988,ok
n_tps=9 (best),n_tps,1.0,0.0,1.0235593220338985,0.012658227848101266,0.023559322033898544,0.012658227848101266,0.8850954896242289,2.8184845025843783,0.0,0.029864099892125254,1,1,0.029864099892125254,0.3368861855115835,0.9999999999977895,0.2880602950459818,0.99999998,3767.483337451066,0.016291997316774245,1.445646999999994,ok
n_tps=9 (best),n_tps,1.0,0.3,1.0742372881355933,0.31645569620253167,0.07423728813559327,0.016455696202531678,1.0248863892188762,1.125586336892874,0.2734516142220174,0.3405641704369221,0,1,0.0671125562149047,0.3536638419090816,0.9999999999530177,0.42911985768842936,0.9999999846153845,4019.2257256174325,0.015773526554582615,1.4533076250000079,ok
n_tps=9 (best),n_tps,1.0,0.6,0.9222033898305086,0.620253164556962,-0.07779661016949135,0.020253164556962022,0.8336041290151825,2.8344806218959344,0.585015009929419,0.632185805755213,1,1,0.047170795825793976,0.26148236380432077,0.9999999999999999,0.3469393766309039,0.9999999875,5514.043718640727,0.013466815104843259,1.4536077089999964,ok
n_tps=9 (best),n_tps,1.0,1.0,1.1249152542372882,1.0,0.12491525423728822,0.0,1.0312393476810533,1.1238607127656395,0.9879746835415402,0.9993670886074495,0,0,0.011392405065909328,0.05049902329524695,1.0,1.2163744503232187e-09,0.99999999,441956706.3333737,4.7567479077228206e-05,1.4665452079999994,ok
vaf0=0.01 (worst),vaf0,0.1,0.0,0.31406779661016954,0.0,0.21406779661016953,0.0,0.18358654403156816,0.3639692560954808,0.03720729532214124,0.9488580703986882,0,0,0.9116507750765469,0.24786927043287793,0.1410449192788466,0.9999935408364558,0.04779677577077317,33.21254820683374,0.17351974513189242,0.6660696249999916,ok
vaf0=0.01 (worst),vaf0,0.1,0.3,0.16203389830508477,1.0,0.06203389830508477,0.7,0.09862604326978974,0.20945396254325527,0.03740484070378666,0.948989547018279,1,1,0.9115847063144923,0.4286679805827605,0.29205955693147406,0.9999964460339476,0.03700899487833448,19.728449436344718,0.2251404467120669,0.698761458000007,ok
vaf0=0.01 (worst),vaf0,0.1,0.6,0.16203389830508477,0.0,0.06203389830508477,-0.6,0.07210366272744706,0.18176261096135285,0.03724609731799497,0.9488875227057395,1,1,0.9116414253877445,0.42763074584881006,0.29015267784835913,0.9999942236066781,0.03019414553003236,13.05551953787036,0.27675974417151633,0.6638390829999992,ok
vaf0=0.01 (worst),vaf0,0.1,1.0,0.01,0.0,-0.09000000000000001,-1.0,0.01,0.05455046398241113,0.03750104791738072,0.949055675455652,0,0,0.9115546275382712,0.24436125323952657,0.1384522172441514,0.9999975642053437,0.024242191332665294,8.373208382980053,0.3455843366740985,0.6718274170000029,ok
vaf0=0.01 (worst),vaf0,0.3,0.0,0.31406779661016954,0.0,0.014067796610169547,0.0,0.21861391847232542,0.30963259812918964,0.019830500393330446,0.9386916126517693,1,0,0.9188611122584388,0.31884601313642,0.19887861959622177,0.995096327091905,0.23293353498977068,112.27289491110616,0.09437621147265683,0.6634011670000035,ok
vaf0=0.01 (worst),vaf0,0.3,0.3,0.4661016949152543,0.1518987341772152,0.16610169491525434,-0.1481012658227848,0.3840901006331405,0.46508087266532994,0.035902649545653184,0.947113490355037,0,1,0.9112108408093839,0.4337348783908111,0.29656157693222596,0.9999211071602716,0.1886382141457114,69.22314219728719,0.12019166335111635,0.6829304169999943,ok
vaf0=0.01 (worst),vaf0,0.3,0.6,0.36474576271186443,0.6455696202531646,0.06474576271186444,0.04556962025316458,0.31653209255845804,0.38760022739165995,0.032715774799356584,0.9464093181618822,0,1,0.9136935433625256,0.42146462185303385,0.28467394683049096,0.9997576882175097,0.15849780832863777,46.95373303065479,0.14593683955946382,0.6605032499999908,ok
vaf0=0.01 (worst),vaf0,0.3,1.0,0.31406779661016954,1.0,0.014067796610169547,0.0,0.26546506772106443,0.35374786042510475,0.033543409618736524,0.9467543253617929,1,0,0.9132109157430565,0.23627447554163697,0.13282067591910932,0.9998003935542635,0.13066180873012104,30.79417123875143,0.18020454479506362,0.6600473329999943,ok
vaf0=0.01 (worst),vaf0,0.6,0.0,0.5674576271186441,0.16455696202531644,-0.03254237288135586,0.16455696202531644,0.5114954676844422,0.5993027990116101,0.006868788600329656,0.43298895958937644,0,0,0.4261201709890468,0.540670280804416,0.38764714600061556,0.7947730704650516,0.818791282071504,516.665472567279,0.04399418534523837,0.6592089170000008,ok
vaf0=0.01 (worst),vaf0,0.6,0.3,0.5674576271186441,0.37974683544303794,-0.03254237288135586,0.07974683544303796,0.5189208183154802,0.5961536882361282,0.02632390202487857,0.772530533354907,0,1,0.7462066313300284,0.5904513439895747,0.45558016490351355,0.9576363293167398,0.775758369937231,413.13759809577067,0.04919858813259395,0.6599472919999982,ok
vaf0=0.01 (worst),vaf0,0.6,0.6,0.4661016949152543,0.34177215189873417,-0.13389830508474565,-0.2582278481012658,0.28526098032747954,0.5617681366701973,0.03719415135252128,0.9488502485253566,0,1,0.9116560971728354,0.4275500483727207,0.29008079595576,0.9999933286141386,0.737022927145792,360.6217210907134,0.05265917600654364,0.6579717919999979,ok
vaf0=0.01 (worst),vaf0,0.6,1.0,0.6181355932203391,1.0,0.018135593220339086,0.0,0.5767632467987409,0.6680254318304534,0.48516359899410955,0.9863600320336511,1,0,0.5011964330395415,0.30672249805036783,0.2406105447484599,0.8369235298784887,0.6910174235184173,334.6644784263637,0.054663217490762625,0.6577645419999953,ok
vaf0=0.01 (worst),vaf0,1.0,0.0,0.9222033898305086,0.0379746835443038,-0.07779661016949135,0.0379746835443038,0.8241917378432738,0.9412833128419019,0.0,0.1869063096076012,0,1,0.1869063096076012,0.9757887676604189,0.834610257067619,0.6459977722931632,0.9939892669855555,986.4014664432141,0.03184000632821759,0.6592347090000032,ok
vaf0=0.01 (worst),vaf0,1.0,0.3,0.9728813559322035,0.8860759493670886,-0.027118644067796516,0.5860759493670886,0.8449397883513896,1.0455092282554286,0.03877611068143591,0.9498549293380817,1,1,0.9110788186566458,0.42624114580720546,0.28993921908724846,0.9999935674959147,0.992163665689303,972.7754527426551,0.032062228028117215,0.656168749999992,ok
vaf0=0.01 (worst),vaf0,1.0,0.6,0.9222033898305086,0.6708860759493671,-0.07779661016949135,0.07088607594936713,0.8360605167256193,0.9374761812283742,0.6045293953136022,0.7359091972620712,0,0,0.131379801948469,0.45988610435358696,0.9597314435430833,0.5850060034976935,0.9903447580470601,1179.4618847312101,0.02911776552976831,0.6606763340000015,ok
vaf0=0.01 (worst),vaf0,1.0,1.0,1.2262711864406781,0.7088607594936709,0.22627118644067812,-0.2911392405063291,1.10411997988291,1.364733345811492,0.54920242246627,0.8966033718392155,0,0,0.3474009493729454,0.21146814272477957,0.08368327626302136,0.7936298637782759,0.9879298967342723,10767.157001074715,0.009637169048074212,0.6596614170000095,ok
vaf0=0.05 (mid),vaf0,0.1,0.0,0.11135593220338984,0.0,0.011355932203389832,0.0,0.016627170579590175,0.10731492760235553,0.032169376065646155,0.9448993036184841,1,0,0.9127299275528379,0.26510062791305056,0.1543769883764441,0.9995542879405235,0.2146324865965302,167.26664971366114,0.07732061877019487,0.6575095419999997,ok
vaf0=0.05 (mid),vaf0,0.1,0.3,0.6181355932203391,0.43037974683544306,0.5181355932203391,0.13037974683544307,0.3859731743469563,0.7858609069825742,0.035565393268935014,0.9477408307322454,0,1,0.9121754374633103,0.4320189098100918,0.2949839371661693,0.9999346919841411,0.17010170280947295,100.88976762246898,0.09955806316983884,0.6644522080000002,ok
vaf0=0.05 (mid),vaf0,0.1,0.6,0.11135593220338984,0.0,0.011355932203389832,-0.6,0.01653299039121689,0.10733804191157559,0.032777711180203395,0.94544458735419,1,1,0.9126668761739867,0.4200304632296225,0.2833778676931806,0.9996541463642634,0.14087394172123113,67.42956265961757,0.12177968000646971,0.6590779160000011,ok
vaf0=0.05 (mid),vaf0,0.1,1.0,0.06067796610169492,1.0,-0.03932203389830508,0.0,0.012833754284382777,0.08745237249174616,0.04092533021009912,0.9533019656055425,0,0,0.9123766353954433,0.2596881541907918,0.1497781518862827,0.9997307008840398,0.1146154986379124,43.628820047482975,0.15139560444567662,0.6590568749999903,ok
vaf0=0.05 (mid),vaf0,0.3,0.0,0.31406779661016954,0.0379746835443038,0.014067796610169547,0.0379746835443038,0.22246733447263337,0.31090905505627864,0.00818835669966391,0.923493514654879,1,0,0.9153051579552152,0.48345956462222694,0.3315383890163872,0.9517290952501082,0.6231113438085356,438.4738375656624,0.04775602350651051,0.65953875000001,ok
vaf0=0.05 (mid),vaf0,0.3,0.3,0.31406779661016954,0.20253164556962025,0.014067796610169547,-0.09746835443037974,0.23481254505397076,0.3125263627225779,0.0268694773245511,0.9092166577849683,1,1,0.8823471804604172,0.5255813187161622,0.38461421564175313,0.9875281627315161,0.5535669729584412,301.0474948390074,0.057634494871615614,0.6677831659999924,ok
vaf0=0.05 (mid),vaf0,0.3,0.6,0.36474576271186443,0.12658227848101267,0.06474576271186444,-0.4734177215189873,0.271093867017621,0.36295330534480996,0.01696233658484897,0.9366961211804428,1,1,0.9197337845955937,0.30069331338156385,0.18061901269899894,0.9797492312525731,0.4979874605931108,222.7375683556919,0.06700439079590219,0.6710687089999965,ok
vaf0=0.05 (mid),vaf0,0.3,1.0,0.26338983050847464,0.6455696202531646,-0.036610169491525346,-0.35443037974683544,0.21387008127436127,0.29695437545758974,0.03703840854573755,0.9475154300628308,0,0,0.9104770215170932,0.24271484729654796,0.13621033045825612,0.9999485426284264,0.43919272577795726,160.4538395713277,0.07894505706657433,0.6711172499999947,ok
vaf0=0.05 (mid),vaf0,0.6,0.0,0.5674576271186441,0.0,-0.03254237288135586,0.0,0.43686242343672127,0.6045478322256661,0.0,0.21942147565890086,1,1,0.21942147565890086,0.8688544623355322,0.8447297488659656,0.6390445011572466,0.9609385877864436,949.6564982215249,0.03245015143274092,0.6619933750000087,ok
vaf0=0.05 (mid),vaf0,0.6,0.3,0.7701694915254238,0.0,0.17016949152542382,-0.3,0.6156391552664162,0.7584272102078992,0.02423129102302639,0.9367374921808301,0,1,0.9125062011578038,0.4495412972842391,0.31152693703750484,0.9972782761452289,0.9485875315890964,857.4428273947021,0.03415052732626853,0.6579425830000076,ok
vaf0=0.05 (mid),vaf0,0.6,0.6,0.5167796610169493,0.6329113924050633,-0.0832203389830507,0.032911392405063356,0.4655385567683632,0.5856818239903352,0.32562056038921905,0.8022123237283016,0,1,0.4765917633390826,0.7151479207938274,0.6336046950349181,0.8670971087347488,0.9365499454674516,908.3708725854112,0.033179390211078484,0.6546013340000059,ok
vaf0=0.05 (mid),vaf0,0.6,1.0,0.8715254237288137,0.5063291139240507,0.2715254237288137,-0.49367088607594933,0.6875968169676492,1.0130749458476278,0.4116673352560875,0.6911592580938059,0,0,0.27949192283771834,0.04098476539519734,0.007279110387435261,0.7260218749015642,0.9209671675989607,1743.7781813869792,0.02394718009474629,0.6566682079999993,ok
vaf0=0.05 (mid),vaf0,1.0,0.0,1.378305084745763,0.0,0.37830508474576297,0.0,1.0148815115014072,1.5647466634549148,0.0,0.07020205980882653,0,1,0.07020205980882653,0.5717544910308339,0.9952190812559525,0.44348517257299436,0.9988905440229229,1267.5414489197144,0.028087877030780774,0.6559546249999926,ok
vaf0=0.05 (mid),vaf0,1.0,0.3,0.8715254237288137,0.3291139240506329,-0.1284745762711863,0.0291139240506329,0.779658060601275,0.9659604573551098,0.2354478499073519,0.38837803063310744,0,1,0.15293018072575554,0.6349286851139901,0.9961353808961565,0.6194799701215987,0.9985212722250199,1272.0947341699618,0.028037563653553574,0.6565717500000119,ok
vaf0=0.05 (mid),vaf0,1.0,0.6,0.9222033898305086,0.7088607594936709,-0.07779661016949135,0.10886075949367091,0.8408938143317428,0.9694698551589399,0.6242756045051444,0.7629130313292279,0,0,0.13863742682408353,0.40435508423000716,0.8673954606433616,0.5956816565996462,0.9981522733524535,1608.1721217489358,0.02493639883125809,0.6583310410000109,ok
vaf0=0.05 (mid),vaf0,1.0,1.0,0.9728813559322035,1.0,-0.027118644067796516,0.0,0.9085314099017253,2.842236874534656,0.964738093081254,0.9972480586217582,1,0,0.032509965540504226,0.25174451299147815,1.0,0.23227931661105064,0.9976606988835103,56102.56442999165,0.004221906814905057,0.6549477089999982,ok
vaf0=0.15 (best),vaf0,0.1,0.0,0.06067796610169492,1.0,-0.03932203389830508,1.0,0.012754285803220041,0.08090819211574934,0.04146626849838,0.9562380007342193,0,0,0.9147717322358393,0.22379820141502277,0.12608490416707566,0.9989756929725354,0.5131724861456038,513.3927827136132,0.04413418594857147,0.6537771250000048,ok
vaf0=0.15 (best),vaf0,0.1,0.3,0.11135593220338984,0.02531645569620253,0.011355932203389832,-0.27468354430379743,0.030814425289344076,0.10850598452387508,0.009635591558651065,0.8618288222499886,1,1,0.8521932306913376,0.5251440580603531,0.39990539231140776,0.9506154663460922,0.42458658656548903,321.43415662011444,0.05577685051087536,0.6558864169999907,ok
vaf0=0.15 (best),vaf0,0.1,0.6,0.06067796610169492,0.0,-0.03932203389830508,-0.6,0.01,0.05758676377088734,0.02940508668841362,0.9423225709734552,0,1,0.9129174842850416,0.41367600443706903,0.2777164404240206,0.9989796364102402,0.3620824559829235,220.53601572198193,0.06733800381413788,0.6540544159999939,ok
vaf0=0.15 (best),vaf0,0.1,1.0,0.11135593220338984,0.0759493670886076,0.011355932203389832,-0.9240506329113924,0.06292624551995686,0.10881608519240163,0.003975617387976291,0.42773844882589696,1,0,0.42376283143792065,0.009599811849386273,0.003273276944473883,0.8232760969901332,0.30267308105733143,146.28488152986907,0.08267996380585044,0.6591799159999994,ok
vaf0=0.15 (best),vaf0,0.3,0.0,0.26338983050847464,0.13924050632911392,-0.036610169491525346,0.13924050632911392,0.16591842631334935,0.2737925839871913,0.024915891901112784,0.9401577480668131,0,0,0.9152418561657003,0.29370214511768666,0.17717395084437404,0.9972318310492915,0.86444405308159,923.6976705727857,0.032902968053896385,0.6558335410000069,ok
vaf0=0.15 (best),vaf0,0.3,0.3,0.26338983050847464,0.4810126582278481,-0.036610169491525346,0.18101265822784812,0.17680728624136682,0.47282509228758973,0.03987281515679289,0.9576090524747513,1,1,0.9177362373179584,0.5153532424790117,0.37859725914902853,0.9500672286300024,0.8169811987888633,713.4443900249469,0.03743862898287633,0.658375458000009,ok
vaf0=0.15 (best),vaf0,0.3,0.6,0.26338983050847464,1.0,-0.036610169491525346,0.4,0.22203374013439006,0.33816087031964676,0.21793039425143862,0.9742597182593461,1,1,0.7563293240079074,0.5867487923424247,0.44235743489014795,0.957375142680968,0.7744590298213502,602.7197799365335,0.04073261364277265,0.6562752500000073,ok
vaf0=0.15 (best),vaf0,0.3,1.0,0.26338983050847464,1.0,-0.036610169491525346,0.0,0.2245327175145305,0.6855324364678725,0.06896116430242943,0.9497276845248296,1,0,0.8807665202224002,0.20512105414079992,0.12676468550331355,0.9839087057753098,0.7242014605829866,537.992221693593,0.04311337301971237,0.6666535410000023,ok
vaf0=0.15 (best),vaf0,0.6,0.0,0.6181355932203391,0.0,0.018135593220339086,0.0,0.2108921165855055,2.8108160275634124,0.0,0.7501211239059232,1,1,0.7501211239059232,0.5188949821796781,0.7990673172385145,0.5785833120620452,0.9895712168349324,1303.6323943714833,0.027696342941055132,0.6659463339999974,ok
vaf0=0.15 (best),vaf0,0.6,0.3,0.36474576271186443,0.8987341772151899,-0.23525423728813555,0.59873417721519,0.3218916344443694,1.7869036334846857,0.10541190036024345,0.9546878859068653,1,1,0.8492759855466219,0.41173624680523707,0.27461124388268165,0.9727574883592259,0.9851680295088304,1228.433591291705,0.02853147067033254,0.6656676249999975,ok
vaf0=0.15 (best),vaf0,0.6,0.6,0.5167796610169493,0.6582278481012658,-0.0832203389830507,0.0582278481012658,0.4360549655973737,0.6152526017482228,0.47996303297913073,0.7789861888243522,1,1,0.2990231558452215,0.8905459882952494,0.8910577783490097,0.7626123903767308,0.9808038533656073,1407.333585593879,0.026656398603583934,0.665629249999995,ok
vaf0=0.15 (best),vaf0,0.6,1.0,0.6181355932203391,1.0,0.018135593220339086,0.0,0.5721685757924303,0.6991104647989913,0.6627160530411664,0.990241614606682,1,0,0.3275255615655156,0.7286079716208339,0.5642926225413221,0.7622204219052185,0.9750447450881286,5846.782520565641,0.013078005932497692,0.6633593749999989,ok
vaf0=0.15 (best),vaf0,1.0,0.0,3.0,0.0,2.0,0.0,0.6383194715852679,2.875505856955601,0.0,0.04171735809026794,1,1,0.04171735809026794,0.4176638803462547,0.9991908781055255,0.34097109138422865,0.9997121266853729,1487.9621747087403,0.025924121868829218,0.6585247079999874,ok
vaf0=0.15 (best),vaf0,1.0,0.3,1.5810169491525425,0.3291139240506329,0.5810169491525425,0.0291139240506329,0.9609925382992369,2.7010852687731637,0.2720412051815964,0.3738295194633976,1,1,0.10178831428180118,0.46773803903235484,0.999744042078016,0.5248468060971807,0.9995888031387913,1510.5148872310758,0.02572986425876999,0.6591257090000084,ok
vaf0=0.15 (best),vaf0,1.0,0.6,1.0235593220338985,0.569620253164557,0.023559322033898544,-0.030379746835442978,0.8746925967012539,1.1081175309647817,0.5016234867530258,0.6618044751947881,1,1,0.16018098844176232,0.6563529861087788,0.9963714247458884,0.6301215604513629,0.9994655100146101,1930.896572247118,0.022757287399662134,0.6687354580000004,ok
vaf0=0.15 (best),vaf0,1.0,1.0,0.9222033898305086,1.0,-0.07779661016949135,0.0,0.8737669843778896,1.0706191694497251,0.9691016075155242,0.9987977811089788,1,0,0.029696173593454556,0.2604556765943857,1.0,0.21556192185201847,0.9993011664866484,188116.1177196166,0.002305616101037275,0.678369165999996,ok
